Route_Name,Route_Link,Bus_Name,Bus_Type,Departing_Time,Duration,Reaching_Time,Star_Rating,Price,Seat_Availability
Lucknow to Bareilly,https://www.redbus.in/bus-tickets/lucknow-to-bareilly,UPSRTC - CMP0045,Ordinary Non AC Seater 2+3,14:30,07h 00m,21:30,3.3,INR 383,52 Seats available
Lucknow to Bareilly,https://www.redbus.in/bus-tickets/lucknow-to-bareilly,UPSRTC - BRT0007,Ordinary Non AC Seater 2+3,15:00,06h 15m,21:15,3.3,INR 390,52 Seats available
Lucknow to Bareilly,https://www.redbus.in/bus-tickets/lucknow-to-bareilly,UPSRTC - MZF0115,Janrath AC Seater 2+2,15:31,05h 38m,21:09,3.3,INR 578,36 Seats available
Lucknow to Bareilly,https://www.redbus.in/bus-tickets/lucknow-to-bareilly,UPSRTC - LNI0017,Rajdhani Non AC Seater 2+3,16:00,05h 30m,21:30,3.3,INR 390,51 Seats available
Lucknow to Bareilly,https://www.redbus.in/bus-tickets/lucknow-to-bareilly,UPSRTC - BLY0143,Janrath AC Seater 2+3,16:20,06h 00m,22:20,3.3,INR 493,48 Seats available
Lucknow to Bareilly,https://www.redbus.in/bus-tickets/lucknow-to-bareilly,UPSRTC - AWD0224,Shatabdi AC Seater 2+2,17:00,06h 15m,23:15,3.3,INR 570,38 Seats available
Lucknow to Bareilly,https://www.redbus.in/bus-tickets/lucknow-to-bareilly,UPSRTC - GRH0126,Ordinary Non AC Seater 2+3,17:30,06h 46m,00:16,3.3,INR 390,52 Seats available
Lucknow to Bareilly,https://www.redbus.in/bus-tickets/lucknow-to-bareilly,UPSRTC - SRG0095,Ordinary Non AC Seater 2+3,17:30,05h 36m,23:06,3.3,INR 390,52 Seats available
Lucknow to Bareilly,https://www.redbus.in/bus-tickets/lucknow-to-bareilly,UPSRTC - SRG0745,Ordinary Non AC Seater 2+3,17:35,05h 35m,23:10,3.3,INR 390,52 Seats available
Lucknow to Bareilly,https://www.redbus.in/bus-tickets/lucknow-to-bareilly,UPSRTC - MRD0148,Janrath AC Seater 2+2,18:03,05h 27m,23:30,3.3,INR 570,36 Seats available
Lucknow to Bareilly,https://www.redbus.in/bus-tickets/lucknow-to-bareilly,UPSRTC - MZF0067,Janrath AC Seater 2+2,18:30,05h 45m,00:15,3.3,INR 578,35 Seats available
Lucknow to Bareilly,https://www.redbus.in/bus-tickets/lucknow-to-bareilly,UPSRTC - BRT0037,Ordinary Non AC Seater 2+3,19:00,06h 15m,01:15,3.3,INR 390,52 Seats available
Lucknow to Bareilly,https://www.redbus.in/bus-tickets/lucknow-to-bareilly,UPSRTC - SBD0113,Pink Express AC Seater 2+2,19:01,04h 29m,23:30,3.3,INR 570,41 Seats available
Lucknow to Bareilly,https://www.redbus.in/bus-tickets/lucknow-to-bareilly,UPSRTC - SRD1025,Janrath AC Seater 2+2,19:32,05h 43m,01:15,3.3,INR 570,36 Seats available
Lucknow to Bareilly,https://www.redbus.in/bus-tickets/lucknow-to-bareilly,UPSRTC - GND0100,Ordinary Non AC Seater 2+3,20:02,04h 58m,01:00,3.3,INR 396,52 Seats available
Lucknow to Bareilly,https://www.redbus.in/bus-tickets/lucknow-to-bareilly,UPSRTC - RKD0036,Janrath AC Seater 2+2,20:30,05h 30m,02:00,3.3,INR 570,36 Seats available
Lucknow to Bareilly,https://www.redbus.in/bus-tickets/lucknow-to-bareilly,UPSRTC - SBD0093,Janrath AC Seater 2+2,21:00,04h 25m,01:25,1.2,INR 570,34 Seats available
Lucknow to Bareilly,https://www.redbus.in/bus-tickets/lucknow-to-bareilly,UPSRTC - CBG0092,Pink Express AC Seater 2+2,21:01,05h 44m,02:45,3.3,INR 570,36 Seats available
Lucknow to Bareilly,https://www.redbus.in/bus-tickets/lucknow-to-bareilly,UPSRTC - SBD0118,Pink Express AC Seater 2+2,21:01,04h 24m,01:25,3.3,INR 570,41 Seats available
Lucknow to Bareilly,https://www.redbus.in/bus-tickets/lucknow-to-bareilly,UPSRTC - SRG0033,Ordinary Non AC Seater 2+3,22:00,05h 36m,03:36,3.3,INR 390,52 Seats available
Lucknow to Bareilly,https://www.redbus.in/bus-tickets/lucknow-to-bareilly,UPSRTC - MRD0007,Janrath AC Seater 2+2,22:00,06h 15m,04:15,3.3,INR 570,36 Seats available
Lucknow to Bareilly,https://www.redbus.in/bus-tickets/lucknow-to-bareilly,UPSRTC - SBD0114,Pink Express AC Seater 2+2,22:01,04h 59m,03:00,3.3,INR 570,40 Seats available
Lucknow to Bareilly,https://www.redbus.in/bus-tickets/lucknow-to-bareilly,UPSRTC - BLY0121,Janrath AC Seater 2+2,22:31,05h 29m,04:00,3.3,INR 570,36 Seats available
Lucknow to Bareilly,https://www.redbus.in/bus-tickets/lucknow-to-bareilly,UPSRTC - SRG0102,Ordinary Non AC Seater 2+3,23:30,05h 36m,05:06,3.3,INR 390,52 Seats available
Lucknow to Bareilly,https://www.redbus.in/bus-tickets/lucknow-to-bareilly,UPSRTC - RKD0032,Janrath AC Seater 2+2,23:30,05h 30m,05:00,4.3,INR 570,35 Seats available
Lucknow to Bareilly,https://www.redbus.in/bus-tickets/lucknow-to-bareilly,UPSRTC - BLY0123,Janrath AC Seater 2+2,23:56,05h 34m,05:30,2.8,INR 570,36 Seats available
Lucknow to Bareilly,https://www.redbus.in/bus-tickets/lucknow-to-bareilly,PTC-SKYBUS,A/C Seater/Sleeper (2+1),23:15,05h 05m,04:20,4.7,INR 699,13 Seats available
Lucknow to Bareilly,https://www.redbus.in/bus-tickets/lucknow-to-bareilly,Mahalaxmi Travels,A/C Seater/Sleeper (2+1),22:45,05h 05m,03:50,3.8,INR 849,13 Seats available
Lucknow to Bareilly,https://www.redbus.in/bus-tickets/lucknow-to-bareilly,Mahalaxmi Travels,Bharat Benz A/C Seater /Sleeper (2+1),20:45,05h 30m,02:15,3.8,INR 1399,3 Seats available
Lucknow to Bareilly,https://www.redbus.in/bus-tickets/lucknow-to-bareilly,SHRI KRISHNA TRAVELS (JAI SHREE GANESH YATRA CO.),A/C Seater/Sleeper (2+1),23:00,06h 00m,05:00,1.0,INR 699,32 Seats available
Lucknow to Bareilly,https://www.redbus.in/bus-tickets/lucknow-to-bareilly,Vijay Tour and Travels,A/C Seater / Sleeper (2+1),21:10,05h 10m,02:20,2.8,1439,1 Seat available
Bareilly to Agra,https://www.redbus.in/bus-tickets/bareilly-to-agra,UPSRTC - BLY0133,Janrath AC Seater 2+2,14:32,05h 28m,20:00,3.6,INR 486,35 Seats available
Bareilly to Agra,https://www.redbus.in/bus-tickets/bareilly-to-agra,UPSRTC - BLY0077,Ordinary Non AC Seater 2+3,21:30,05h 00m,02:30,3.3,INR 323,52 Seats available
Bareilly to Agra,https://www.redbus.in/bus-tickets/bareilly-to-agra,UPSRTC - AGF0050,Shatabdi AC Seater 2+2,22:46,05h 59m,04:45,2.5,INR 486,39 Seats available
Bareilly to Agra,https://www.redbus.in/bus-tickets/bareilly-to-agra,UPSRTC - BLY0079,Ordinary Non AC Seater 2+3,23:00,05h 00m,04:00,3.3,INR 323,52 Seats available
Delhi to Agra,https://www.redbus.in/bus-tickets/delhi-to-agra,UPSRTC - MHB0252,Ordinary Non AC Seater 2+3,14:30,05h 21m,19:51,3.3,INR 301,52 Seats available
Delhi to Agra,https://www.redbus.in/bus-tickets/delhi-to-agra,UPSRTC - TAJ0054,Pink Express AC Seater 2+2,15:02,03h 08m,18:10,2.3,INR 502,35 Seats available
Delhi to Agra,https://www.redbus.in/bus-tickets/delhi-to-agra,UPSRTC - GNA0116,Ordinary Non AC Seater 2+3,15:47,04h 00m,19:47,3.3,INR 348,52 Seats available
Delhi to Agra,https://www.redbus.in/bus-tickets/delhi-to-agra,UPSRTC - MHB0189,Ordinary Non AC Seater 2+3,16:00,05h 21m,21:21,3.3,INR 295,52 Seats available
Delhi to Agra,https://www.redbus.in/bus-tickets/delhi-to-agra,UPSRTC - MHB0260,Ordinary Non AC Seater 2+3,17:00,05h 21m,22:21,3.3,INR 295,51 Seats available
Delhi to Agra,https://www.redbus.in/bus-tickets/delhi-to-agra,UPSRTC - SKB0018,Ordinary Non AC Seater 2+3,18:00,05h 20m,23:20,3.3,INR 295,52 Seats available
Delhi to Agra,https://www.redbus.in/bus-tickets/delhi-to-agra,UPSRTC - TAJ0014,Janrath AC Seater 2+2,18:01,04h 14m,22:15,3.3,INR 537,36 Seats available
Delhi to Agra,https://www.redbus.in/bus-tickets/delhi-to-agra,UPSRTC - NDD0012,Ordinary Non AC Seater 2+3,20:00,03h 58m,23:58,3.3,INR 348,52 Seats available
Delhi to Agra,https://www.redbus.in/bus-tickets/delhi-to-agra,NueGo,Electric A/C Seater (2+2),13:25,05h 25m,18:50,4.1,504,1 Seat available
Delhi to Agra,https://www.redbus.in/bus-tickets/delhi-to-agra,NueGo,Electric A/C Seater (2+2),14:25,05h 05m,19:30,4.1,348,1 Seat available
Delhi to Agra,https://www.redbus.in/bus-tickets/delhi-to-agra,NueGo,Electric A/C Seater (2+2),15:25,05h 25m,20:50,4.0,284,20 Seats available
Delhi to Agra,https://www.redbus.in/bus-tickets/delhi-to-agra,NueGo,Electric A/C Seater (2+2),16:25,05h 05m,21:30,4.4,347,18 Seats available
Delhi to Agra,https://www.redbus.in/bus-tickets/delhi-to-agra,Laxmi holidays,Bharat Benz A/C Seater /Sleeper (2+1),17:00,03h 30m,20:30,5.0,513,23 Seats available
Delhi to Agra,https://www.redbus.in/bus-tickets/delhi-to-agra,NueGo,Electric A/C Seater (2+2),17:25,05h 50m,23:15,4.2,284,40 Seats available
Delhi to Agra,https://www.redbus.in/bus-tickets/delhi-to-agra,FlixBus,Bharat Benz A/C Sleeper (2+1),17:30,04h 15m,21:45,5.0,INR 762.5,23 Seats available
Delhi to Agra,https://www.redbus.in/bus-tickets/delhi-to-agra,NueGo,Electric A/C Seater (2+2),18:25,05h 05m,23:30,3.9,284,38 Seats available
Delhi to Agra,https://www.redbus.in/bus-tickets/delhi-to-agra,Zingbus Plus,Bharat Benz A/C Seater /Sleeper (2+1),22:00,04h 20m,02:20,3.7,555,32 Seats available
Delhi to Agra,https://www.redbus.in/bus-tickets/delhi-to-agra,Kamla Travels,A/C Sleeper (2+1),19:30,04h 00m,23:30,3.1,INR 500,25 Seats available
Delhi to Agra,https://www.redbus.in/bus-tickets/delhi-to-agra,FlixBus,A/C Sleeper (2+1),19:30,05h 10m,00:40,3.9,INR 762.5,16 Seats available
Delhi to Agra,https://www.redbus.in/bus-tickets/delhi-to-agra,FlixBus,A/C Sleeper (2+1),20:10,04h 00m,00:10,3.9,INR 675,5 Seats available
Delhi to Agra,https://www.redbus.in/bus-tickets/delhi-to-agra,NueGo,Electric A/C Seater (2+2),20:25,05h 25m,01:50,4.4,284,42 Seats available
Delhi to Agra,https://www.redbus.in/bus-tickets/delhi-to-agra,Fouji travels,A/C Seater / Sleeper (2+1),21:00,03h 00m,00:00,3.0,INR 549,36 Seats available
Delhi to Agra,https://www.redbus.in/bus-tickets/delhi-to-agra,Fouji travels,A/C Seater / Sleeper (2+1),21:30,03h 00m,00:30,3.0,INR 549,22 Seats available
Delhi to Agra,https://www.redbus.in/bus-tickets/delhi-to-agra,Zingbus Plus,Bharat Benz A/C Seater /Sleeper (2+1),23:10,03h 40m,02:50,3.7,445,36 Seats available
Delhi to Agra,https://www.redbus.in/bus-tickets/delhi-to-agra,FlixBus,Bharat Benz A/C Seater (2+2),22:00,04h 55m,02:55,5.0,INR 378.57,49 Seats available
Delhi to Agra,https://www.redbus.in/bus-tickets/delhi-to-agra,RS YADAV SMART BUS,Bharat Benz A/C Seater /Sleeper (2+1),22:00,04h 09m,02:09,3.4,INR 499,30 Seats available
Delhi to Agra,https://www.redbus.in/bus-tickets/delhi-to-agra,IntrCity SmartBus,A/C Semi Sleeper / Sleeper (2+1),22:10,04h 00m,02:10,4.2,INR 525,28 Seats available
Delhi to Agra,https://www.redbus.in/bus-tickets/delhi-to-agra,IntrCity SmartBus,Bharat Benz A/C Seater /Sleeper (2+1),22:15,04h 00m,02:15,4.2,INR 563,29 Seats available
Delhi to Agra,https://www.redbus.in/bus-tickets/delhi-to-agra,IntrCity SmartBus,Bharat Benz A/C Seater /Sleeper (2+1),22:20,03h 45m,02:05,4.7,INR 529,28 Seats available
Delhi to Agra,https://www.redbus.in/bus-tickets/delhi-to-agra,IntrCity SmartBus,Bharat Benz A/C Seater /Sleeper (2+1),22:25,04h 00m,02:25,4.2,INR 539,23 Seats available
Delhi to Agra,https://www.redbus.in/bus-tickets/delhi-to-agra,FlixBus,Bharat Benz A/C Seater (2+2),22:30,04h 30m,03:00,5.0,INR 287.5,28 Seats available
Delhi to Agra,https://www.redbus.in/bus-tickets/delhi-to-agra,FlixBus,A/C Sleeper (2+1),22:30,03h 45m,02:15,3.9,INR 762.5,16 Seats available
Delhi to Agra,https://www.redbus.in/bus-tickets/delhi-to-agra,IntrCity SmartBus,VE A/C Seater / Sleeper (2+1),22:40,03h 55m,02:35,5.0,INR 549,29 Seats available
Delhi to Agra,https://www.redbus.in/bus-tickets/delhi-to-agra,Ashok Bus Service,VE A/C Sleeper (2+1),22:45,04h 15m,03:00,5.0,474,32 Seats available
Delhi to Agra,https://www.redbus.in/bus-tickets/delhi-to-agra,E Bus India,A/C Seater/Sleeper (2+1),17:30,04h 00m,21:30,4.1,899,1 Seat available
Delhi to Agra,https://www.redbus.in/bus-tickets/delhi-to-agra,Raj Kalpana Travels Pvt.ltd.,A/C Seater/Sleeper (2+1),22:45,03h 20m,02:05,3.7,INR 559,31 Seats available
Delhi to Agra,https://www.redbus.in/bus-tickets/delhi-to-agra,IntrCity SmartBus,Bharat Benz A/C Seater /Sleeper (2+1),22:50,03h 45m,02:35,4.5,INR 549,35 Seats available
Delhi to Agra,https://www.redbus.in/bus-tickets/delhi-to-agra,IntrCity SmartBus,Bharat Benz A/C Seater /Sleeper (2+1),23:00,03h 40m,02:40,4.2,INR 449,29 Seats available
Delhi to Agra,https://www.redbus.in/bus-tickets/delhi-to-agra,FlixBus,Bharat Benz A/C Seater (2+2),23:00,04h 00m,03:00,4.7,INR 528.57,24 Seats available
Delhi to Agra,https://www.redbus.in/bus-tickets/delhi-to-agra,IntrCity SmartBus,Bharat Benz A/C Seater /Sleeper (2+1),23:15,03h 20m,02:35,4.0,INR 529,27 Seats available
Delhi to Agra,https://www.redbus.in/bus-tickets/delhi-to-agra,IntrCity SmartBus,A/C Seater / Sleeper (2+1),23:30,03h 30m,03:00,3.7,INR 469,27 Seats available
Delhi to Agra,https://www.redbus.in/bus-tickets/delhi-to-agra,IntrCity SmartBus,Bharat Benz A/C Seater /Sleeper (2+1),23:45,03h 40m,03:25,5.0,INR 469,34 Seats available
Delhi to Agra,https://www.redbus.in/bus-tickets/delhi-to-agra,Ashok Bus Service,VE A/C Sleeper (2+1),23:45,04h 45m,04:30,3.1,522,46 Seats available
Delhi to Agra,https://www.redbus.in/bus-tickets/delhi-to-agra,NueGo,Electric A/C Seater (2+2),23:55,04h 30m,04:25,4.1,284,37 Seats available
Delhi to Agra,https://www.redbus.in/bus-tickets/delhi-to-agra,RAWAT HOLIDAYS,A/C Seater (2+2),13:15,03h 55m,17:10,2.0,INR 649,8 Seats available
Delhi to Agra,https://www.redbus.in/bus-tickets/delhi-to-agra,Taj Express Bus Service Pvt Ltd,Non AC Seater (2+2),13:30,03h 00m,16:30,1.0,INR 300,33 Seats available
Delhi to Agra,https://www.redbus.in/bus-tickets/delhi-to-agra,Taj Express Bus Service Pvt Ltd,Non AC Seater (2+2),14:00,03h 00m,17:00,1.0,INR 449,33 Seats available
Delhi to Agra,https://www.redbus.in/bus-tickets/delhi-to-agra,Royal Star Travels,AC Seater (2+2),14:00,05h 00m,19:00,1.5,INR 900,21 Seats available
Delhi to Agra,https://www.redbus.in/bus-tickets/delhi-to-agra,Taj Express Bus Service Pvt Ltd,Non AC Seater (2+2),15:00,03h 00m,18:00,1.0,INR 300,33 Seats available
Delhi to Agra,https://www.redbus.in/bus-tickets/delhi-to-agra,Vijay Tour and Travels,Bharat Benz A/C Seater /Sleeper (2+1),23:40,03h 50m,03:30,1.0,449,36 Seats available
Delhi to Agra,https://www.redbus.in/bus-tickets/delhi-to-agra,Taj Express Bus Service Pvt Ltd,Non AC Seater (2+2),15:30,03h 00m,18:30,1.0,INR 300,33 Seats available
Delhi to Agra,https://www.redbus.in/bus-tickets/delhi-to-agra,Taj Express Bus Service Pvt Ltd,Non AC Seater (2+2),16:00,03h 00m,19:00,1.0,INR 300,33 Seats available
Delhi to Agra,https://www.redbus.in/bus-tickets/delhi-to-agra,Taj Express Bus Service Pvt Ltd,Non AC Seater (2+2),17:00,03h 00m,20:00,1.0,INR 300,33 Seats available
Delhi to Agra,https://www.redbus.in/bus-tickets/delhi-to-agra,FlixBus,Bharat Benz A/C Sleeper (2+1),20:00,04h 20m,00:20,1.0,INR 597.32,19 Seats available
Delhi to Agra,https://www.redbus.in/bus-tickets/delhi-to-agra,Hans Travels (I) Private Limited,A/C Sleeper (2+1),21:25,03h 15m,00:40,1.9,INR 300,22 Seats available
Delhi to Agra,https://www.redbus.in/bus-tickets/delhi-to-agra,Shitla Travels,A/C Sleeper (2+1),22:00,05h 30m,03:30,1.0,564,22 Seats available
Delhi to Agra,https://www.redbus.in/bus-tickets/delhi-to-agra,Rajdhani Tourist Bus Service,A/C Sleeper (2+1),22:45,04h 55m,03:40,3.9,INR 949,14 Seats available
Delhi to Agra,https://www.redbus.in/bus-tickets/delhi-to-agra,SAFAR EXPRESS PVT LTD,NON AC Seater / Sleeper 2+1,23:10,04h 06m,03:16,1.4,INR 500,34 Seats available
Delhi to Agra,https://www.redbus.in/bus-tickets/delhi-to-agra,Hare Rama Travels,A/C Seater/Sleeper (2+1),23:15,03h 45m,03:00,1.0,INR 529,29 Seats available
Delhi to Agra,https://www.redbus.in/bus-tickets/delhi-to-agra,IntrCity SmartBus,Bharat Benz A/C Seater /Sleeper (2+1),23:40,02h 50m,02:30,1.0,INR 509,30 Seats available
Delhi to Agra,https://www.redbus.in/bus-tickets/delhi-to-agra,Raj Kalpana Travels Pvt.ltd.,VE A/C Seater (2+2),13:25,02h 35m,16:00,3.8,INR 649,8 Seats available
Delhi to Agra,https://www.redbus.in/bus-tickets/delhi-to-agra,Laxmi holidays,Bharat Benz A/C Seater /Sleeper (2+1),16:30,04h 30m,21:00,4.8,608,24 Seats available
Delhi to Agra,https://www.redbus.in/bus-tickets/delhi-to-agra,Shatabdi Travels,Bharat Benz A/C Sleeper (2+1),18:00,04h 00m,22:00,5.0,1300,27 Seats available
Varanasi to Lucknow,https://www.redbus.in/bus-tickets/varanasi-to-lucknow,UPSRTC - KSH0135,Ordinary Non AC Seater 2+3,14:32,06h 38m,21:10,3.3,INR 480,52 Seats available
Varanasi to Lucknow,https://www.redbus.in/bus-tickets/varanasi-to-lucknow,UPSRTC - JNP0100,Ordinary Non AC Seater 2+3,15:00,10h 55m,01:55,3.3,INR 489,52 Seats available
Varanasi to Lucknow,https://www.redbus.in/bus-tickets/varanasi-to-lucknow,UPSRTC - GLA0138,Janrath AC Seater 2+2,15:05,08h 25m,23:30,3.3,INR 698,32 Seats available
Varanasi to Lucknow,https://www.redbus.in/bus-tickets/varanasi-to-lucknow,UPSRTC - KSH0137,Ordinary Non AC Seater 2+3,15:31,07h 37m,23:08,3.3,INR 484,52 Seats available
Varanasi to Lucknow,https://www.redbus.in/bus-tickets/varanasi-to-lucknow,UPSRTC - KSH0133,Ordinary Non AC Seater 2+3,16:32,08h 28m,01:00,3.3,INR 480,52 Seats available
Varanasi to Lucknow,https://www.redbus.in/bus-tickets/varanasi-to-lucknow,UPSRTC - AWD0090,Janrath AC Seater 2+2,17:00,06h 59m,23:59,3.0,INR 698,31 Seats available
Varanasi to Lucknow,https://www.redbus.in/bus-tickets/varanasi-to-lucknow,UPSRTC - KSH0015,Ordinary Non AC Seater 2+3,17:30,08h 07m,01:37,3.3,INR 480,52 Seats available
Varanasi to Lucknow,https://www.redbus.in/bus-tickets/varanasi-to-lucknow,UPSRTC - SLP0050,Ordinary Non AC Seater 2+3,18:00,07h 45m,01:45,3.3,INR 480,51 Seats available
Varanasi to Lucknow,https://www.redbus.in/bus-tickets/varanasi-to-lucknow,UPSRTC - KSH0001,Janrath AC Seater 2+2,18:00,08h 15m,02:15,3.3,INR 698,36 Seats available
Varanasi to Lucknow,https://www.redbus.in/bus-tickets/varanasi-to-lucknow,UPSRTC - KSH0023,Ordinary Non AC Seater 2+3,18:30,08h 17m,02:47,3.3,INR 480,52 Seats available
Varanasi to Lucknow,https://www.redbus.in/bus-tickets/varanasi-to-lucknow,UPSRTC - ALM0185,Volvo AC Seater 2+2,18:30,06h 30m,01:00,3.3,INR 1043,39 Seats available
Varanasi to Lucknow,https://www.redbus.in/bus-tickets/varanasi-to-lucknow,UPSRTC - AWD0091,Janrath AC Seater 2+2,19:00,07h 00m,02:00,3.3,INR 698,36 Seats available
Varanasi to Lucknow,https://www.redbus.in/bus-tickets/varanasi-to-lucknow,UPSRTC - CBG0138,Janrath AC Seater 2+2,19:30,08h 00m,03:30,3.3,INR 698,36 Seats available
Varanasi to Lucknow,https://www.redbus.in/bus-tickets/varanasi-to-lucknow,UPSRTC - SLP0061,Ordinary Non AC Seater 2+3,19:30,07h 45m,03:15,3.3,INR 480,52 Seats available
Varanasi to Lucknow,https://www.redbus.in/bus-tickets/varanasi-to-lucknow,UPSRTC - CBG0045,Janrath AC Seater 2+2,20:00,07h 30m,03:30,3.3,INR 698,36 Seats available
Varanasi to Lucknow,https://www.redbus.in/bus-tickets/varanasi-to-lucknow,UPSRTC - AWD0093,Janrath AC Seater 2+2,20:30,07h 00m,03:30,3.3,INR 698,36 Seats available
Varanasi to Lucknow,https://www.redbus.in/bus-tickets/varanasi-to-lucknow,UPSRTC - CBG0047,Janrath AC Seater 2+2,21:00,07h 00m,04:00,2.2,INR 698,36 Seats available
Varanasi to Lucknow,https://www.redbus.in/bus-tickets/varanasi-to-lucknow,UPSRTC - AWD0092,Janrath AC Seater 2+2,21:30,07h 00m,04:30,3.3,INR 698,35 Seats available
Varanasi to Lucknow,https://www.redbus.in/bus-tickets/varanasi-to-lucknow,UPSRTC - JNP0200,Ordinary Non AC Seater 2+3,21:31,07h 30m,05:01,3.3,INR 480,52 Seats available
Varanasi to Lucknow,https://www.redbus.in/bus-tickets/varanasi-to-lucknow,UPSRTC - ALM0320,Shatabdi AC Seater 2+2,21:59,06h 29m,04:28,3.3,INR 698,37 Seats available
Varanasi to Lucknow,https://www.redbus.in/bus-tickets/varanasi-to-lucknow,UPSRTC - ALM0150,Volvo AC Seater 2+2,22:29,05h 50m,04:19,4.5,INR 996,39 Seats available
Varanasi to Lucknow,https://www.redbus.in/bus-tickets/varanasi-to-lucknow,UPSRTC - CHL0016,Ordinary Non AC Seater 2+3,22:30,06h 30m,05:00,3.3,INR 480,52 Seats available
Varanasi to Lucknow,https://www.redbus.in/bus-tickets/varanasi-to-lucknow,UPSRTC - AWD0095,Pink Express AC Seater 2+2,23:00,07h 00m,06:00,2.8,INR 698,41 Seats available
Varanasi to Lucknow,https://www.redbus.in/bus-tickets/varanasi-to-lucknow,UPSRTC - CNT0145,Ordinary Non AC Seater 2+3,23:01,07h 57m,06:58,3.3,INR 480,52 Seats available
Varanasi to Lucknow,https://www.redbus.in/bus-tickets/varanasi-to-lucknow,UPSRTC - HDD0002,Janrath AC Seater 2+2,23:30,07h 00m,06:30,4.1,INR 698,36 Seats available
Varanasi to Lucknow,https://www.redbus.in/bus-tickets/varanasi-to-lucknow,UPSRTC - TAJ0042,Janrath AC Seater 2+2,23:54,06h 16m,06:10,3.6,INR 698,36 Seats available
Varanasi to Lucknow,https://www.redbus.in/bus-tickets/varanasi-to-lucknow,PTC-SKYBUS,A/C Seater/Sleeper (2+1),22:30,07h 00m,05:30,4.6,INR 799,7 Seats available
Varanasi to Lucknow,https://www.redbus.in/bus-tickets/varanasi-to-lucknow,PTC-SKYBUS,AC Seater (2+2),23:30,07h 00m,06:30,4.6,INR 499,24 Seats available
Varanasi to Lucknow,https://www.redbus.in/bus-tickets/varanasi-to-lucknow,Raj Kalpana Travels Pvt.Ltd,A/C Seater/Sleeper (2+1),17:30,05h 45m,23:15,4.3,INR 1199,15 Seats available
Varanasi to Lucknow,https://www.redbus.in/bus-tickets/varanasi-to-lucknow,Raj Kalpana Travels Pvt.Ltd,A/C Seater/Sleeper (2+1),20:00,05h 45m,01:45,4.4,INR 1299,17 Seats available
Varanasi to Lucknow,https://www.redbus.in/bus-tickets/varanasi-to-lucknow,RS YADAV SMART BUS,A/C Seater / Sleeper (2+2),16:15,09h 06m,01:21,5.0,INR 1099,49 Seats available
Varanasi to Lucknow,https://www.redbus.in/bus-tickets/varanasi-to-lucknow,Mahalaxmi Travels,Bharat Benz A/C Seater /Sleeper (2+1),22:30,07h 30m,06:00,3.9,INR 799,15 Seats available
Varanasi to Lucknow,https://www.redbus.in/bus-tickets/varanasi-to-lucknow,Yolo Bus,A/C Sleeper (2+1),22:15,07h 04m,05:19,3.9,INR 899,12 Seats available
Varanasi to Lucknow,https://www.redbus.in/bus-tickets/varanasi-to-lucknow,Sethi Yatra Company,A/C Seater / Sleeper (2+1),16:05,07h 45m,23:50,3.4,555,21 Seats available
Varanasi to Lucknow,https://www.redbus.in/bus-tickets/varanasi-to-lucknow,Mahalaxmi Travels,Bharat Benz A/C Seater /Sleeper (2+1),17:00,06h 45m,23:45,3.7,INR 799,15 Seats available
Varanasi to Lucknow,https://www.redbus.in/bus-tickets/varanasi-to-lucknow,Goyal Travels,A/C Seater / Sleeper (2+1),16:00,07h 25m,23:25,2.3,INR 450,16 Seats available
Varanasi to Lucknow,https://www.redbus.in/bus-tickets/varanasi-to-lucknow,Mahalaxmi Travels,Bharat Benz A/C Seater /Sleeper (2+1),19:00,06h 30m,01:30,2.5,INR 499,21 Seats available
Moradabad to Delhi,https://www.redbus.in/bus-tickets/moradabad-to-delhi,UPSRTC - HPR0709,Janrath AC Seater 2+3,14:14,03h 31m,17:45,3.3,INR 333,44 Seats available
Moradabad to Delhi,https://www.redbus.in/bus-tickets/moradabad-to-delhi,UPSRTC - MDD0060,Rajdhani Non AC Seater 2+3,14:30,03h 30m,18:00,3.3,INR 298,52 Seats available
Moradabad to Delhi,https://www.redbus.in/bus-tickets/moradabad-to-delhi,UPSRTC - MDD0003,Janrath AC Seater 2+2,15:15,04h 00m,19:15,3.0,INR 382,12 Seats available
Moradabad to Delhi,https://www.redbus.in/bus-tickets/moradabad-to-delhi,UPSRTC - MDD0033,Ordinary Non AC Seater 2+3,15:30,03h 30m,19:00,3.3,INR 298,50 Seats available
Moradabad to Delhi,https://www.redbus.in/bus-tickets/moradabad-to-delhi,UPSRTC - MDD0009,Janrath AC Seater 2+2,16:15,04h 00m,20:15,3.4,INR 382,16 Seats available
Moradabad to Delhi,https://www.redbus.in/bus-tickets/moradabad-to-delhi,UPSRTC - MDD0037,Ordinary Non AC Seater 2+3,16:30,03h 00m,19:30,3.3,INR 298,52 Seats available
Moradabad to Delhi,https://www.redbus.in/bus-tickets/moradabad-to-delhi,UPSRTC - MDD0015,Janrath AC Seater 2+2,17:15,04h 00m,21:15,2.1,INR 382,35 Seats available
Moradabad to Delhi,https://www.redbus.in/bus-tickets/moradabad-to-delhi,UPSRTC - MDD0021,Janrath AC Seater 2+2,18:15,04h 00m,22:15,3.9,INR 382,29 Seats available
Moradabad to Delhi,https://www.redbus.in/bus-tickets/moradabad-to-delhi,UPSRTC - MDD0064,Janrath AC Seater 2+2,19:15,04h 00m,23:15,3.3,INR 382,34 Seats available
Moradabad to Delhi,https://www.redbus.in/bus-tickets/moradabad-to-delhi,UPSRTC - SRG0227,Ordinary Non AC Seater 2+3,22:29,04h 11m,02:40,3.3,INR 294,52 Seats available
Moradabad to Delhi,https://www.redbus.in/bus-tickets/moradabad-to-delhi,UPSRTC - BLP0012,Ordinary Non AC Seater 2+3,23:35,05h 05m,04:40,3.3,INR 275,52 Seats available
Moradabad to Delhi,https://www.redbus.in/bus-tickets/moradabad-to-delhi,UPSRTC - LNI0017,Rajdhani Non AC Seater 2+3,23:35,03h 25m,03:00,3.3,INR 262,51 Seats available
Moradabad to Delhi,https://www.redbus.in/bus-tickets/moradabad-to-delhi,UPSRTC - BRT0007,Ordinary Non AC Seater 2+3,23:50,04h 10m,04:00,3.3,INR 293,52 Seats available
Moradabad to Delhi,https://www.redbus.in/bus-tickets/moradabad-to-delhi,UPSRTC - HPR0710,Janrath AC Seater 2+3,23:58,03h 34m,03:32,3.3,INR 333,48 Seats available
Moradabad to Delhi,https://www.redbus.in/bus-tickets/moradabad-to-delhi,UPSRTC - HPR0050,Janrath AC Seater 2+3,23:59,04h 00m,03:59,3.3,INR 333,48 Seats available
Moradabad to Delhi,https://www.redbus.in/bus-tickets/moradabad-to-delhi,FlixBus,AC Seater (2+2),15:45,03h 35m,19:20,3.0,INR 331.25,8 Seats available
Moradabad to Delhi,https://www.redbus.in/bus-tickets/moradabad-to-delhi,Fasttrack Travels,A/C Seater/Sleeper (2+1),16:00,04h 00m,20:00,4.0,INR 899,1 Seat available
Moradabad to Delhi,https://www.redbus.in/bus-tickets/moradabad-to-delhi,FlixBus,Bharat Benz A/C Seater (2+2),18:10,02h 20m,20:30,3.0,INR 914.29,5 Seats available
Moradabad to Delhi,https://www.redbus.in/bus-tickets/moradabad-to-delhi,Fasttrack Travels,A/C Seater/Sleeper (2+1),23:55,04h 15m,04:10,3.7,INR 999,13 Seats available
Moradabad to Delhi,https://www.redbus.in/bus-tickets/moradabad-to-delhi,Mahalaxmi Travels,Bharat Benz A/C Seater /Sleeper (2+1),23:30,04h 00m,03:30,1.9,INR 999,4 Seats available
Moradabad to Delhi,https://www.redbus.in/bus-tickets/moradabad-to-delhi,Rahul Travels,AshokLeyland Stile A/C,23:50,04h 10m,04:00,1.0,INR 826,8 Seats available
Moradabad to Delhi,https://www.redbus.in/bus-tickets/moradabad-to-delhi,Fasttrack Travels,A/C Seater/Sleeper (2+1),23:58,04h 42m,04:40,2.9,INR 999,13 Seats available
Moradabad to Delhi,https://www.redbus.in/bus-tickets/moradabad-to-delhi,India Tours & Travels (GetBookCab),A/C Seater / Sleeper (2+2),18:15,03h 00m,21:15,4.4,1376,2 Seats available
Moradabad to Delhi,https://www.redbus.in/bus-tickets/moradabad-to-delhi,India Tours & Travels (GetBookCab),A/C Seater / Sleeper (2+2),23:55,04h 05m,04:00,4.8,1399,15 Seats available
Moradabad to Delhi,https://www.redbus.in/bus-tickets/moradabad-to-delhi,Fasttrack Travels,VE A/C Seater / Sleeper (2+2),16:30,03h 15m,19:45,2.8,INR 1249,3 Seats available
Lucknow to Kanpur (Uttar Pradesh),https://www.redbus.in/bus-tickets/lucknow-to-kanpur,UPSRTC - AYD0037,Ordinary Non AC Seater 2+3,14:05,01h 55m,16:00,3.3,INR 142,52 Seats available
Lucknow to Kanpur (Uttar Pradesh),https://www.redbus.in/bus-tickets/lucknow-to-kanpur,UPSRTC - MHB0232,Rajdhani Non AC Seater 2+3,14:05,02h 37m,16:42,3.3,INR 146,51 Seats available
Lucknow to Kanpur (Uttar Pradesh),https://www.redbus.in/bus-tickets/lucknow-to-kanpur,UPSRTC - BLP0040,Ordinary Non AC Seater 2+3,14:26,03h 34m,18:00,3.3,INR 177,52 Seats available
Lucknow to Kanpur (Uttar Pradesh),https://www.redbus.in/bus-tickets/lucknow-to-kanpur,,,,,,,,
Lucknow to Kanpur (Uttar Pradesh),https://www.redbus.in/bus-tickets/lucknow-to-kanpur,,,,,,,,
Delhi to Pilibhit,https://www.redbus.in/bus-tickets/delhi-to-pilibhit,UPSRTC - BLP0030,Rajdhani Non AC Seater 2+3,15:01,06h 29m,21:30,3.3,INR 493,51 Seats available
Delhi to Pilibhit,https://www.redbus.in/bus-tickets/delhi-to-pilibhit,UPSRTC - GND0081,Ordinary Non AC Seater 2+3,15:30,07h 00m,22:30,3.3,INR 493,52 Seats available
Delhi to Pilibhit,https://www.redbus.in/bus-tickets/delhi-to-pilibhit,UPSRTC - BLP0032,Ordinary Non AC Seater 2+3,16:01,06h 29m,22:30,3.3,INR 493,52 Seats available
Delhi to Pilibhit,https://www.redbus.in/bus-tickets/delhi-to-pilibhit,,,,,,,,
Delhi to Pilibhit,https://www.redbus.in/bus-tickets/delhi-to-pilibhit,,,,,,,,
Delhi to Pilibhit,https://www.redbus.in/bus-tickets/delhi-to-pilibhit,,,,,,,,
Delhi to Pilibhit,https://www.redbus.in/bus-tickets/delhi-to-pilibhit,,,,,,,,
Delhi to Pilibhit,https://www.redbus.in/bus-tickets/delhi-to-pilibhit,,,,,,,,
Delhi to Pilibhit,https://www.redbus.in/bus-tickets/delhi-to-pilibhit,,,,,,,,
Delhi to Pilibhit,https://www.redbus.in/bus-tickets/delhi-to-pilibhit,,,,,,,,
Bareilly to Lucknow,https://www.redbus.in/bus-tickets/bareilly-to-lucknow,UPSRTC - SRG0038,Ordinary Non AC Seater 2+3,14:06,05h 34m,19:40,3.3,INR 390,52 Seats available
Bareilly to Lucknow,https://www.redbus.in/bus-tickets/bareilly-to-lucknow,UPSRTC - STD0361,Ordinary Non AC Seater 2+3,14:32,05h 27m,19:59,3.3,INR 390,52 Seats available
Bareilly to Lucknow,https://www.redbus.in/bus-tickets/bareilly-to-lucknow,UPSRTC - STD0360,Ordinary Non AC Seater 2+3,14:37,11h 53m,02:30,3.3,INR 390,52 Seats available
Bareilly to Lucknow,https://www.redbus.in/bus-tickets/bareilly-to-lucknow,UPSRTC - BLY0122,Janrath AC Seater 2+2,15:01,05h 29m,20:30,1.7,INR 570,36 Seats available
Bareilly to Lucknow,https://www.redbus.in/bus-tickets/bareilly-to-lucknow,UPSRTC - STD0374,Ordinary Non AC Seater 2+3,15:13,06h 52m,22:05,3.3,INR 390,52 Seats available
Bareilly to Lucknow,https://www.redbus.in/bus-tickets/bareilly-to-lucknow,UPSRTC - SRG0232,Ordinary Non AC Seater 2+3,19:26,05h 34m,01:00,3.3,INR 390,52 Seats available
Bareilly to Lucknow,https://www.redbus.in/bus-tickets/bareilly-to-lucknow,UPSRTC - BRT0061,Ordinary Non AC Seater 2+3,19:50,05h 40m,01:30,3.3,INR 390,52 Seats available
Bareilly to Lucknow,https://www.redbus.in/bus-tickets/bareilly-to-lucknow,UPSRTC - BLY0114,Janrath AC Seater 2+2,20:01,05h 29m,01:30,4.2,INR 570,36 Seats available
Bareilly to Lucknow,https://www.redbus.in/bus-tickets/bareilly-to-lucknow,UPSRTC - GND0105,Ordinary Non AC Seater 2+3,20:50,05h 10m,02:00,3.3,INR 405,52 Seats available
Bareilly to Lucknow,https://www.redbus.in/bus-tickets/bareilly-to-lucknow,UPSRTC - BRT0062,Ordinary Non AC Seater 2+3,20:50,05h 45m,02:35,3.3,INR 390,52 Seats available
Bareilly to Lucknow,https://www.redbus.in/bus-tickets/bareilly-to-lucknow,UPSRTC - MZF0066,Janrath AC Seater 2+2,21:00,05h 40m,02:40,3.3,INR 570,35 Seats available
Bareilly to Lucknow,https://www.redbus.in/bus-tickets/bareilly-to-lucknow,UPSRTC - BLY0649,Janrath AC Seater 2+3,21:05,05h 15m,02:20,3.3,INR 493,48 Seats available
Bareilly to Lucknow,https://www.redbus.in/bus-tickets/bareilly-to-lucknow,UPSRTC - PNG0065,Rajdhani Non AC Seater 2+3,21:10,05h 21m,02:31,3.3,INR 390,51 Seats available
Bareilly to Lucknow,https://www.redbus.in/bus-tickets/bareilly-to-lucknow,UPSRTC - SRG0032,Ordinary Non AC Seater 2+3,21:26,05h 34m,03:00,3.3,INR 390,52 Seats available
Bareilly to Lucknow,https://www.redbus.in/bus-tickets/bareilly-to-lucknow,UPSRTC - SRD1030,Janrath AC Seater 2+3,21:45,05h 55m,03:40,3.3,INR 493,48 Seats available
Bareilly to Lucknow,https://www.redbus.in/bus-tickets/bareilly-to-lucknow,UPSRTC - RKD0033,Janrath AC Seater 2+2,22:00,05h 30m,03:30,3.2,INR 570,36 Seats available
Bareilly to Lucknow,https://www.redbus.in/bus-tickets/bareilly-to-lucknow,UPSRTC - SRG0007,Janrath AC Seater 2+2,22:32,06h 28m,05:00,3.3,INR 570,36 Seats available
Bareilly to Lucknow,https://www.redbus.in/bus-tickets/bareilly-to-lucknow,UPSRTC - MRD0006,Janrath AC Seater 2+2,22:45,06h 15m,05:00,3.3,INR 570,34 Seats available
Bareilly to Lucknow,https://www.redbus.in/bus-tickets/bareilly-to-lucknow,UPSRTC - SRG0229,Ordinary Non AC Seater 2+3,22:45,05h 57m,04:42,3.3,INR 390,52 Seats available
Bareilly to Lucknow,https://www.redbus.in/bus-tickets/bareilly-to-lucknow,UPSRTC - SRG0188,Ordinary Non AC Seater 2+3,23:26,05h 34m,05:00,3.3,INR 390,52 Seats available
Bareilly to Lucknow,https://www.redbus.in/bus-tickets/bareilly-to-lucknow,UPSRTC - GRH0125,Ordinary Non AC Seater 2+3,23:35,06h 55m,06:30,3.3,INR 390,52 Seats available
Bareilly to Lucknow,https://www.redbus.in/bus-tickets/bareilly-to-lucknow,UPSRTC - KSB0892,Shatabdi AC Seater 2+2,23:45,05h 45m,05:30,3.3,INR 570,37 Seats available
Bareilly to Lucknow,https://www.redbus.in/bus-tickets/bareilly-to-lucknow,UPSRTC - MZF0111,Janrath AC Seater 2+2,23:59,05h 21m,05:20,3.3,INR 570,36 Seats available
Bareilly to Lucknow,https://www.redbus.in/bus-tickets/bareilly-to-lucknow,PTC-SKYBUS,Bharat Benz A/C Seater /Sleeper (2+1),23:55,05h 20m,05:15,4.6,INR 1438.6,2 Seats available
Bareilly to Lucknow,https://www.redbus.in/bus-tickets/bareilly-to-lucknow,Raaj Rath Travels Co.,A/C Seater / Sleeper (2+1),23:59,05h 01m,05:00,3.6,INR 1149,1 Seat available
Bareilly to Lucknow,https://www.redbus.in/bus-tickets/bareilly-to-lucknow,SHRI KRISHNA TRAVELS (JAI SHREE GANESH YATRA CO.),VE A/C Seater / Sleeper (2+1),23:00,06h 00m,05:00,3.7,INR 1499,4 Seats available
Bareilly to Lucknow,https://www.redbus.in/bus-tickets/bareilly-to-lucknow,Krishna Travels,A/C Seater/Sleeper (2+1),23:15,06h 45m,06:00,3.5,INR 3000,48 Seats available
Delhi to Dehradun,https://www.redbus.in/bus-tickets/delhi-to-dehradun,UPSRTC - MZF0064,Ordinary Non AC Seater 2+3,14:30,05h 35m,20:05,3.3,INR 425,51 Seats available
Delhi to Dehradun,https://www.redbus.in/bus-tickets/delhi-to-dehradun,UPSRTC - LNI0133,Ordinary Non AC Seater 2+3,14:45,06h 20m,21:05,3.3,INR 434,52 Seats available
Delhi to Dehradun,https://www.redbus.in/bus-tickets/delhi-to-dehradun,UPSRTC - LNI0270,Ordinary Non AC Seater 2+3,14:46,05h 19m,20:05,3.3,INR 434,52 Seats available
Delhi to Dehradun,https://www.redbus.in/bus-tickets/delhi-to-dehradun,UPSRTC - MZF0065,Ordinary Non AC Seater 2+3,15:30,05h 35m,21:05,3.3,INR 425,52 Seats available
Delhi to Dehradun,https://www.redbus.in/bus-tickets/delhi-to-dehradun,UPSRTC - LNI0278,Ordinary Non AC Seater 2+3,16:30,05h 20m,21:50,3.3,INR 434,52 Seats available
Delhi to Dehradun,https://www.redbus.in/bus-tickets/delhi-to-dehradun,UPSRTC - CMP0049,Ordinary Non AC Seater 2+3,21:11,06h 04m,03:15,3.3,INR 425,52 Seats available
Delhi to Dehradun,https://www.redbus.in/bus-tickets/delhi-to-dehradun,UPSRTC - SBD0080,Pink Express AC Seater 2+2,22:31,04h 59m,03:30,2.4,INR 665,41 Seats available
Delhi to Dehradun,https://www.redbus.in/bus-tickets/delhi-to-dehradun,IntrCity SmartBus,Bharat Benz A/C Seater /Sleeper (2+1),13:20,05h 10m,18:30,4.4,INR 429,1 Seat available
Delhi to Dehradun,https://www.redbus.in/bus-tickets/delhi-to-dehradun,City Land Travels,A/C Sleeper (2+1),13:30,06h 00m,19:30,3.6,INR 788,2 Seats available
Delhi to Dehradun,https://www.redbus.in/bus-tickets/delhi-to-dehradun,Yolo Bus,Bharat Benz A/C Seater /Sleeper (2+1),13:31,05h 11m,18:42,4.0,INR 460,6 Seats available
Delhi to Dehradun,https://www.redbus.in/bus-tickets/delhi-to-dehradun,AdE Bus India,A/C Seater/Sleeper (2+1),23:30,06h 30m,06:00,4.5,293,19 Seats available
Delhi to Dehradun,https://www.redbus.in/bus-tickets/delhi-to-dehradun,City Land Travels,Volvo A/C Semi Sleeper (2+2),14:30,06h 00m,20:30,3.0,INR 548,16 Seats available
Delhi to Dehradun,https://www.redbus.in/bus-tickets/delhi-to-dehradun,FlixBus,AC Seater (2+2),15:00,07h 00m,22:00,3.9,INR 785.71,12 Seats available
Delhi to Dehradun,https://www.redbus.in/bus-tickets/delhi-to-dehradun,Laxmi holidays,Bharat Benz A/C Sleeper (2+1),15:00,06h 10m,21:10,4.5,843,1 Seat available
Delhi to Dehradun,https://www.redbus.in/bus-tickets/delhi-to-dehradun,AdRam Dalal Holidays,Bharat Benz A/C Sleeper (2+1),23:00,06h 05m,05:05,3.6,467,12 Seats available
Delhi to Dehradun,https://www.redbus.in/bus-tickets/delhi-to-dehradun,Laxmi holidays,Bharat Benz A/C Sleeper (2+1),16:00,06h 00m,22:00,4.2,570,7 Seats available
Delhi to Dehradun,https://www.redbus.in/bus-tickets/delhi-to-dehradun,Hill Travels,VE A/C Seater / Sleeper (2+1),23:10,06h 20m,05:30,3.3,359,22 Seats available
Delhi to Dehradun,https://www.redbus.in/bus-tickets/delhi-to-dehradun,NueGo,Electric A/C Seater (2+2),16:00,06h 45m,22:45,4.5,332,20 Seats available
Delhi to Dehradun,https://www.redbus.in/bus-tickets/delhi-to-dehradun,NueGo,Electric A/C Seater (2+2),16:35,06h 25m,23:00,4.4,557,15 Seats available
Delhi to Dehradun,https://www.redbus.in/bus-tickets/delhi-to-dehradun,Zingbus Plus,Bharat Benz A/C Seater (2+2),17:20,06h 55m,00:15,4.6,402,34 Seats available
Delhi to Dehradun,https://www.redbus.in/bus-tickets/delhi-to-dehradun,City Land Travels,A/C Sleeper (2+1),17:00,06h 00m,23:00,3.9,INR 588,18 Seats available
Delhi to Dehradun,https://www.redbus.in/bus-tickets/delhi-to-dehradun,NueGo,Electric A/C Seater (2+2),17:00,05h 50m,22:50,4.1,332,18 Seats available
Delhi to Dehradun,https://www.redbus.in/bus-tickets/delhi-to-dehradun,AG BUS SERVICE,A/C Seater / Sleeper (2+1),23:10,06h 01m,05:11,3.7,349,22 Seats available
Delhi to Dehradun,https://www.redbus.in/bus-tickets/delhi-to-dehradun,NueGo,Electric A/C Seater (2+2),18:00,07h 05m,01:05,3.9,332,33 Seats available
Delhi to Dehradun,https://www.redbus.in/bus-tickets/delhi-to-dehradun,NueGo,Electric A/C Seater (2+2),19:00,04h 59m,23:59,3.8,332,26 Seats available
Delhi to Dehradun,https://www.redbus.in/bus-tickets/delhi-to-dehradun,NueGo,Electric A/C Seater (2+2),21:00,06h 45m,03:45,4.0,332,27 Seats available
Delhi to Dehradun,https://www.redbus.in/bus-tickets/delhi-to-dehradun,JMD Travels,A/C Seater (2+2),21:30,08h 30m,06:00,3.3,INR 2000,49 Seats available
Delhi to Dehradun,https://www.redbus.in/bus-tickets/delhi-to-dehradun,NueGo,Electric A/C Seater (2+2),22:00,07h 10m,05:10,3.9,332,10 Seats available
Delhi to Dehradun,https://www.redbus.in/bus-tickets/delhi-to-dehradun,Zingbus Plus,Bharat Benz A/C Seater (2+2),23:00,06h 10m,05:10,4.4,284,29 Seats available
Delhi to Dehradun,https://www.redbus.in/bus-tickets/delhi-to-dehradun,Yolo Bus,Bharat Benz A/C Seater /Sleeper (2+1),22:13,06h 53m,05:06,4.3,INR 470,25 Seats available
Delhi to Dehradun,https://www.redbus.in/bus-tickets/delhi-to-dehradun,Laxmi holidays,Bharat Benz A/C Sleeper (2+1),22:20,06h 10m,04:30,4.6,617,19 Seats available
Delhi to Dehradun,https://www.redbus.in/bus-tickets/delhi-to-dehradun,IntrCity SmartBus,Bharat Benz A/C Seater /Sleeper (2+1),22:30,06h 15m,04:45,4.2,INR 539,31 Seats available
Delhi to Dehradun,https://www.redbus.in/bus-tickets/delhi-to-dehradun,India Tours & Travels (GetBookCab),A/C Seater Push Back (2+2),22:00,07h 00m,05:00,3.7,787,27 Seats available
Delhi to Dehradun,https://www.redbus.in/bus-tickets/delhi-to-dehradun,FlixBus,AC Seater (2+2),22:30,06h 45m,05:15,3.8,INR 497.32,13 Seats available
Delhi to Dehradun,https://www.redbus.in/bus-tickets/delhi-to-dehradun,WELCOME TOUR & TRAVELS,A/C Seater Push Back (2+2),23:59,07h 01m,07:00,2.3,448,31 Seats available
Delhi to Dehradun,https://www.redbus.in/bus-tickets/delhi-to-dehradun,IntrCity SmartBus,Bharat Benz A/C Seater /Sleeper (2+1),22:30,05h 30m,04:00,4.0,INR 719,22 Seats available
Delhi to Dehradun,https://www.redbus.in/bus-tickets/delhi-to-dehradun,TSB Tour express,AC Seater (2+2),23:30,06h 50m,06:20,2.2,664,31 Seats available
Delhi to Dehradun,https://www.redbus.in/bus-tickets/delhi-to-dehradun,TSB Tour express,AC Seater (2+2),22:45,08h 05m,06:50,2.3,668,34 Seats available
Delhi to Dehradun,https://www.redbus.in/bus-tickets/delhi-to-dehradun,Hari Das Tour &Travels,Bharat Benz A/C Seater (2+2),22:30,06h 30m,05:00,5.0,INR 699,41 Seats available
Delhi to Dehradun,https://www.redbus.in/bus-tickets/delhi-to-dehradun,WELCOME TOUR & TRAVELS,AC Seater (2+2),23:55,07h 50m,07:45,2.3,448,37 Seats available
Delhi to Dehradun,https://www.redbus.in/bus-tickets/delhi-to-dehradun,Zingbus Plus,Bharat Benz A/C Seater (2+2),23:30,06h 40m,06:10,4.5,338,27 Seats available
Delhi to Dehradun,https://www.redbus.in/bus-tickets/delhi-to-dehradun,Laxmi holidays,VE A/C Seater / Sleeper (2+2),22:40,06h 10m,04:50,4.0,475,63 Seats available
Delhi to Dehradun,https://www.redbus.in/bus-tickets/delhi-to-dehradun,Hans India Tour,A/C Seater/Sleeper (2+1),23:05,06h 55m,06:00,1.8,474,15 Seats available
Delhi to Dehradun,https://www.redbus.in/bus-tickets/delhi-to-dehradun,Hans India Tour,A/C Seater / Sleeper (2+2),23:05,07h 25m,06:30,1.4,374,23 Seats available
Delhi to Dehradun,https://www.redbus.in/bus-tickets/delhi-to-dehradun,Gola Bus Service,VE A/C Seater (2+2),22:40,07h 00m,05:40,4.4,INR 296,18 Seats available
Delhi to Dehradun,https://www.redbus.in/bus-tickets/delhi-to-dehradun,India Tours & Travels (GetBookCab),A/C Seater / Sleeper (2+2),23:00,06h 45m,05:45,4.1,646,9 Seats available
Delhi to Dehradun,https://www.redbus.in/bus-tickets/delhi-to-dehradun,IntrCity SmartBus,Bharat Benz A/C Seater /Sleeper (2+1),22:50,05h 30m,04:20,4.2,INR 549,35 Seats available
Delhi to Dehradun,https://www.redbus.in/bus-tickets/delhi-to-dehradun,Hill Travels,AC Seater (2+2),23:20,06h 25m,05:45,1.0,719,33 Seats available
Delhi to Dehradun,https://www.redbus.in/bus-tickets/delhi-to-dehradun,FlixBus,AC Seater (2+2),23:00,06h 45m,05:45,4.1,INR 739.29,14 Seats available
Delhi to Dehradun,https://www.redbus.in/bus-tickets/delhi-to-dehradun,TSB Tour express,AC Seater (2+2),22:50,08h 10m,07:00,2.6,734,33 Seats available
Delhi to Dehradun,https://www.redbus.in/bus-tickets/delhi-to-dehradun,Laxmi holidays,Bharat Benz A/C Sleeper (2+1),23:00,06h 00m,05:00,4.4,950,8 Seats available
Delhi to Dehradun,https://www.redbus.in/bus-tickets/delhi-to-dehradun,India Tours & Travels (GetBookCab),A/C Seater / Sleeper (2+2),22:30,06h 30m,05:00,3.8,719,44 Seats available
Delhi to Dehradun,https://www.redbus.in/bus-tickets/delhi-to-dehradun,NueGo,Electric A/C Seater (2+2),23:00,06h 45m,05:45,4.3,495,15 Seats available
Delhi to Dehradun,https://www.redbus.in/bus-tickets/delhi-to-dehradun,Mahalaxmi Travels,Bharat Benz A/C Seater /Sleeper (2+1),23:00,06h 30m,05:30,3.8,INR 449,23 Seats available
Delhi to Dehradun,https://www.redbus.in/bus-tickets/delhi-to-dehradun,IntrCity SmartBus,VE A/C Sleeper (2+1),23:00,06h 15m,05:15,4.5,INR 669,29 Seats available
Delhi to Dehradun,https://www.redbus.in/bus-tickets/delhi-to-dehradun,City Land Travels,A/C Sleeper (2+1),23:00,06h 00m,05:00,3.9,INR 488,23 Seats available
Delhi to Dehradun,https://www.redbus.in/bus-tickets/delhi-to-dehradun,India Tours & Travels (GetBookCab),A/C Seater / Sleeper (2+2),23:00,06h 00m,05:00,4.5,765,18 Seats available
Delhi to Dehradun,https://www.redbus.in/bus-tickets/delhi-to-dehradun,FlixBus,AC Seater (2+2),23:15,06h 45m,06:00,3.7,INR 467.86,19 Seats available
Delhi to Dehradun,https://www.redbus.in/bus-tickets/delhi-to-dehradun,Ram Pratap Travels,AC Seater (2+2),23:15,07h 05m,06:20,3.5,INR 499,31 Seats available
Delhi to Dehradun,https://www.redbus.in/bus-tickets/delhi-to-dehradun,Laxmi holidays,VE A/C Seater / Sleeper (2+2),23:15,06h 05m,05:20,4.3,475,60 Seats available
Delhi to Dehradun,https://www.redbus.in/bus-tickets/delhi-to-dehradun,Laxmi holidays,VE A/C Seater / Sleeper (2+1),23:20,06h 10m,05:30,4.4,760,25 Seats available
Delhi to Dehradun,https://www.redbus.in/bus-tickets/delhi-to-dehradun,IntrCity SmartBus,Bharat Benz A/C Seater /Sleeper (2+1),23:25,06h 05m,05:30,4.6,INR 649,25 Seats available
Varanasi to Allahabad,https://www.redbus.in/bus-tickets/varanasi-to-allahabad,UPSRTC - CNT0206,Ordinary Non AC Seater 2+3,17:00,03h 30m,20:30,3.3,INR 201,52 Seats available
Varanasi to Allahabad,https://www.redbus.in/bus-tickets/varanasi-to-allahabad,UPSRTC - VKS0433,Janrath AC Seater 2+2,18:00,03h 00m,21:00,3.3,INR 296,36 Seats available
Varanasi to Allahabad,https://www.redbus.in/bus-tickets/varanasi-to-allahabad,UPSRTC - ALM0185,Volvo AC Seater 2+2,18:30,02h 00m,20:30,3.3,INR 415,39 Seats available
Varanasi to Allahabad,https://www.redbus.in/bus-tickets/varanasi-to-allahabad,UPSRTC - VKS0026,Janrath AC Seater 2+2,19:50,02h 40m,22:30,1.5,INR 296,36 Seats available
Varanasi to Allahabad,https://www.redbus.in/bus-tickets/varanasi-to-allahabad,UPSRTC - ALM0338,Shatabdi AC Seater 2+2,21:00,02h 01m,23:01,3.3,INR 296,37 Seats available
Varanasi to Allahabad,https://www.redbus.in/bus-tickets/varanasi-to-allahabad,UPSRTC - VKS0004,Janrath AC Seater 2+3,21:50,02h 35m,00:25,3.3,INR 258,48 Seats available
Varanasi to Allahabad,https://www.redbus.in/bus-tickets/varanasi-to-allahabad,UPSRTC - KDN0004,Janrath AC Seater 2+3,22:00,02h 45m,00:45,3.3,INR 258,48 Seats available
Varanasi to Allahabad,https://www.redbus.in/bus-tickets/varanasi-to-allahabad,UPSRTC - KDN0028,Janrath AC Seater 2+2,23:01,02h 59m,02:00,1.8,INR 296,36 Seats available
Varanasi to Allahabad,https://www.redbus.in/bus-tickets/varanasi-to-allahabad,Mishra Travels,NON A/C Seater (2+2),13:30,03h 30m,17:00,5.0,198,21 Seats available
Varanasi to Allahabad,https://www.redbus.in/bus-tickets/varanasi-to-allahabad,Vanshika Tour and Travels,NON A/C Seater (2+2),16:55,04h 05m,21:00,3.0,INR 200,43 Seats available
Varanasi to Allahabad,https://www.redbus.in/bus-tickets/varanasi-to-allahabad,FlixBus,A/C Sleeper (2+1),19:30,02h 30m,22:00,5.0,INR 270.54,15 Seats available
Varanasi to Allahabad,https://www.redbus.in/bus-tickets/varanasi-to-allahabad,Shri mahavir tour and travels,AC Sleeper (2+1),14:00,03h 00m,17:00,5.0,INR 1200,36 Seats available
Varanasi to Allahabad,https://www.redbus.in/bus-tickets/varanasi-to-allahabad,Hans Travels (I) Private Limited,A/C Sleeper (2+1),15:30,03h 15m,18:45,3.2,INR 1600,24 Seats available
Varanasi to Allahabad,https://www.redbus.in/bus-tickets/varanasi-to-allahabad,Sanjay Travels,AC Sleeper (2+1),15:45,03h 00m,18:45,3.7,INR 1600,23 Seats available
Varanasi to Allahabad,https://www.redbus.in/bus-tickets/varanasi-to-allahabad,Laxmi holidays,Bharat Benz A/C Seater /Sleeper (2+1),16:00,03h 15m,19:15,4.3,570,31 Seats available
Varanasi to Allahabad,https://www.redbus.in/bus-tickets/varanasi-to-allahabad,Shri mahavir tour and travels,AC Sleeper (2+1),16:05,02h 30m,18:35,5.0,INR 600,8 Seats available
Varanasi to Allahabad,https://www.redbus.in/bus-tickets/varanasi-to-allahabad,Laxmi holidays,Bharat Benz A/C Seater /Sleeper (2+1),17:00,03h 15m,20:15,5.0,836,32 Seats available
Varanasi to Allahabad,https://www.redbus.in/bus-tickets/varanasi-to-allahabad,BSS COOL COOL TRAVELS,A/C Seater / Sleeper (2+1),17:00,04h 15m,21:15,4.1,INR 920,46 Seats available
Varanasi to Allahabad,https://www.redbus.in/bus-tickets/varanasi-to-allahabad,Dhariwal Travels,A/C Sleeper (2+1),17:00,02h 30m,19:30,3.1,INR 3010,36 Seats available
Varanasi to Allahabad,https://www.redbus.in/bus-tickets/varanasi-to-allahabad,Gola Bus Service,Bharat Benz A/C Seater /Sleeper (2+1),17:40,02h 30m,20:10,5.0,INR 1399,32 Seats available
Varanasi to Allahabad,https://www.redbus.in/bus-tickets/varanasi-to-allahabad,HIGHWAY STAR TRAVEL & CARGO,A/C Seater/Sleeper (2+1),18:00,02h 15m,20:15,3.2,1202,16 Seats available
Varanasi to Allahabad,https://www.redbus.in/bus-tickets/varanasi-to-allahabad,PTC-SKYBUS,AC Seater (2+2),23:30,01h 59m,01:29,4.6,INR 499,34 Seats available
Varanasi to Allahabad,https://www.redbus.in/bus-tickets/varanasi-to-allahabad,Laxmi holidays,Bharat Benz A/C Seater /Sleeper (2+1),18:00,03h 15m,21:15,4.0,836,32 Seats available
Varanasi to Allahabad,https://www.redbus.in/bus-tickets/varanasi-to-allahabad,Mahalaxmi Travels,Bharat Benz A/C Seater /Sleeper (2+1),19:00,02h 15m,21:15,3.6,INR 499,22 Seats available
Varanasi to Allahabad,https://www.redbus.in/bus-tickets/varanasi-to-allahabad,Sanjay Travels,AC Sleeper (2+1),19:15,03h 16m,22:31,3.0,INR 1000,25 Seats available
Varanasi to Allahabad,https://www.redbus.in/bus-tickets/varanasi-to-allahabad,Mahalaxmi Travels,Bharat Benz A/C Seater /Sleeper (2+1),22:30,02h 00m,00:30,3.6,INR 799,15 Seats available
Varanasi to Allahabad,https://www.redbus.in/bus-tickets/varanasi-to-allahabad,Raj travels Jhunjhunu,A/C Seater / Sleeper (2+1),15:10,02h 30m,17:40,2.9,463,30 Seats available
Varanasi to Allahabad,https://www.redbus.in/bus-tickets/varanasi-to-allahabad,Goyal Travels,A/C Seater / Sleeper (2+1),16:00,02h 35m,18:35,1.0,INR 650,24 Seats available
Varanasi to Allahabad,https://www.redbus.in/bus-tickets/varanasi-to-allahabad,Sethi Yatra Company,A/C Seater / Sleeper (2+1),16:05,02h 55m,19:00,1.0,555,35 Seats available
Varanasi to Allahabad,https://www.redbus.in/bus-tickets/varanasi-to-allahabad,Amar Travels (Agra),NON A/C Sleeper (2+1),17:30,03h 15m,20:45,2.2,INR 600,24 Seats available
Varanasi to Allahabad,https://www.redbus.in/bus-tickets/varanasi-to-allahabad,Raj Shila Travels,A/C Seater / Sleeper (2+2),17:30,02h 50m,20:20,1.0,INR 990,25 Seats available
Varanasi to Allahabad,https://www.redbus.in/bus-tickets/varanasi-to-allahabad,The Abha Travels,A/C Seater / Sleeper (2+1),18:45,03h 30m,22:15,2.8,INR 2799,32 Seats available
Varanasi to Allahabad,https://www.redbus.in/bus-tickets/varanasi-to-allahabad,Ambika Tour and Travels,A/C Seater / Sleeper (2+1),22:20,03h 00m,01:20,1.8,INR 1200,40 Seats available
Varanasi to Allahabad,https://www.redbus.in/bus-tickets/varanasi-to-allahabad,Amar Travels(Jaipur),NON A/C Sleeper (2+1),22:45,02h 00m,00:45,2.2,2775,30 Seats available
Lucknow to Mathura,https://www.redbus.in/bus-tickets/lucknow-to-mathura,UPSRTC - AWD0059,Janrath AC Seater 2+2,20:00,08h 00m,04:00,3.8,INR 867,33 Seats available
Lucknow to Mathura,https://www.redbus.in/bus-tickets/lucknow-to-mathura,UPSRTC - AGF0070,Ordinary Non AC Seater 2+3,20:02,07h 28m,03:30,3.3,INR 602,51 Seats available
Lucknow to Mathura,https://www.redbus.in/bus-tickets/lucknow-to-mathura,UPSRTC - AWD0056,Janrath AC Seater 2+2,23:15,07h 45m,07:00,4.3,INR 867,10 Seats available
Lucknow to Mathura,https://www.redbus.in/bus-tickets/lucknow-to-mathura,Gola Bus Service,VE A/C Seater / Sleeper (2+1),13:20,05h 00m,18:20,4.3,INR 1299,5 Seats available
Lucknow to Mathura,https://www.redbus.in/bus-tickets/lucknow-to-mathura,Raj Kalpana Travels Pvt.ltd.,A/C Seater/Sleeper (2+1),22:30,05h 00m,03:30,4.4,INR 1179,29 Seats available
Lucknow to Mathura,https://www.redbus.in/bus-tickets/lucknow-to-mathura,Raj Kalpana Travels Pvt.Ltd,A/C Seater/Sleeper (2+1),23:15,05h 10m,04:25,4.1,INR 1199,15 Seats available
Lucknow to Mathura,https://www.redbus.in/bus-tickets/lucknow-to-mathura,Raj Kalpana Travels Pvt.ltd.,VE A/C Seater (2+2),14:20,04h 40m,19:00,4.7,INR 999,21 Seats available
Lucknow to Mathura,https://www.redbus.in/bus-tickets/lucknow-to-mathura,Ashok Bus Service,VE A/C Sleeper (2+1),23:10,05h 10m,04:20,4.5,1139,36 Seats available
Lucknow to Mathura,https://www.redbus.in/bus-tickets/lucknow-to-mathura,VGO BUS,VE A/C Seater / Sleeper (2+1),22:30,06h 00m,04:30,4.5,INR 1499,8 Seats available
Lucknow to Mathura,https://www.redbus.in/bus-tickets/lucknow-to-mathura,Raj Kalpana Travels Pvt.ltd.,A/C Seater/Sleeper (2+1),22:00,04h 50m,02:50,4.3,INR 1159,15 Seats available
Lucknow to Mathura,https://www.redbus.in/bus-tickets/lucknow-to-mathura,IntrCity SmartBus,VE A/C Seater / Sleeper (2+1),22:00,05h 55m,03:55,4.5,INR 1419,22 Seats available
Lucknow to Mathura,https://www.redbus.in/bus-tickets/lucknow-to-mathura,IntrCity SmartBus,A/C Seater / Sleeper (2+1),22:45,05h 45m,04:30,4.8,INR 1819,10 Seats available
Lucknow to Mathura,https://www.redbus.in/bus-tickets/lucknow-to-mathura,Shakmbhari Travels,A/C Seater / Sleeper (2+1),22:30,06h 36m,05:06,5.0,INR 894,8 Seats available
Lucknow to Mathura,https://www.redbus.in/bus-tickets/lucknow-to-mathura,Laxmi holidays,Bharat Benz A/C Sleeper (2+1),22:30,06h 10m,04:40,4.9,1330,21 Seats available
Lucknow to Mathura,https://www.redbus.in/bus-tickets/lucknow-to-mathura,Laxmi holidays,Bharat Benz A/C Seater /Sleeper (2+1),22:00,07h 30m,05:30,5.0,1030,8 Seats available
Lucknow to Mathura,https://www.redbus.in/bus-tickets/lucknow-to-mathura,Gola Bus Service,VE A/C Sleeper (2+1),22:30,06h 30m,05:00,5.0,INR 1599,17 Seats available
Lucknow to Mathura,https://www.redbus.in/bus-tickets/lucknow-to-mathura,IntrCity SmartBus,Bharat Benz A/C Seater /Sleeper (2+1),22:40,05h 45m,04:25,5.0,INR 1286,15 Seats available
Lucknow to Mathura,https://www.redbus.in/bus-tickets/lucknow-to-mathura,Vaishali Expresso Pvt. Ltd.,A/C Seater / Sleeper (2+2),23:20,06h 39m,05:59,5.0,INR 1099,23 Seats available
Lucknow to Mathura,https://www.redbus.in/bus-tickets/lucknow-to-mathura,IntrCity SmartBus,Bharat Benz A/C Seater /Sleeper (2+1),22:50,05h 40m,04:30,4.7,INR 1289,24 Seats available
Lucknow to Mathura,https://www.redbus.in/bus-tickets/lucknow-to-mathura,IntrCity SmartBus,A/C Seater / Sleeper (2+1),21:40,05h 50m,03:30,4.6,INR 969,26 Seats available
Lucknow to Mathura,https://www.redbus.in/bus-tickets/lucknow-to-mathura,IntrCity SmartBus,Bharat Benz A/C Seater /Sleeper (2+1),23:30,05h 50m,05:20,4.6,INR 949,26 Seats available
Lucknow to Mathura,https://www.redbus.in/bus-tickets/lucknow-to-mathura,IntrCity SmartBus,A/C Seater / Sleeper (2+1),23:00,05h 40m,04:40,4.7,INR 1129,24 Seats available
Lucknow to Mathura,https://www.redbus.in/bus-tickets/lucknow-to-mathura,IntrCity SmartBus,Bharat Benz A/C Seater /Sleeper (2+1),23:35,05h 40m,05:15,4.8,INR 1009,23 Seats available
Lucknow to Mathura,https://www.redbus.in/bus-tickets/lucknow-to-mathura,IntrCity SmartBus,Bharat Benz A/C Seater /Sleeper (2+1),21:30,06h 00m,03:30,4.8,INR 1049,26 Seats available
Lucknow to Mathura,https://www.redbus.in/bus-tickets/lucknow-to-mathura,IntrCity SmartBus,Bharat Benz A/C Seater /Sleeper (2+1),22:30,05h 45m,04:15,4.9,INR 1109,22 Seats available
Lucknow to Mathura,https://www.redbus.in/bus-tickets/lucknow-to-mathura,Revanta Roadlines,A/C Seater / Sleeper (2+2),22:45,04h 10m,02:55,4.0,981,29 Seats available
Lucknow to Mathura,https://www.redbus.in/bus-tickets/lucknow-to-mathura,Ashok Bus Service,A/C Seater / Sleeper (2+1),22:10,05h 25m,03:35,4.5,949,42 Seats available
Lucknow to Mathura,https://www.redbus.in/bus-tickets/lucknow-to-mathura,Gola Bus Service,VE A/C Seater / Sleeper (2+1),23:59,05h 26m,05:25,4.7,INR 1199,35 Seats available
Lucknow to Mathura,https://www.redbus.in/bus-tickets/lucknow-to-mathura,IntrCity SmartBus,Bharat Benz A/C Seater /Sleeper (2+1),21:20,05h 40m,03:00,5.0,INR 1069,26 Seats available
Lucknow to Mathura,https://www.redbus.in/bus-tickets/lucknow-to-mathura,IntrCity SmartBus,Bharat Benz A/C Seater /Sleeper (2+1),20:50,05h 50m,02:40,4.9,INR 1159,23 Seats available
Lucknow to Mathura,https://www.redbus.in/bus-tickets/lucknow-to-mathura,IntrCity SmartBus,Bharat Benz A/C Seater /Sleeper (2+1),20:40,06h 00m,02:40,5.0,INR 1099,21 Seats available
Lucknow to Mathura,https://www.redbus.in/bus-tickets/lucknow-to-mathura,Laxmi holidays,Bharat Benz A/C Seater /Sleeper (2+1),22:55,05h 15m,04:10,4.3,1045,25 Seats available
Lucknow to Mathura,https://www.redbus.in/bus-tickets/lucknow-to-mathura,Laxmi holidays,Bharat Benz A/C Seater /Sleeper (2+1),22:00,04h 45m,02:45,4.3,1137,7 Seats available
Lucknow to Mathura,https://www.redbus.in/bus-tickets/lucknow-to-mathura,IntrCity SmartBus,Bharat Benz A/C Seater /Sleeper (2+1),22:40,05h 40m,04:20,5.0,INR 1039,27 Seats available
Lucknow to Mathura,https://www.redbus.in/bus-tickets/lucknow-to-mathura,Laxmi holidays,Bharat Benz A/C Seater /Sleeper (2+1),21:40,05h 10m,02:50,5.0,898,22 Seats available
Lucknow to Mathura,https://www.redbus.in/bus-tickets/lucknow-to-mathura,Jamna Travels (Delhi),A/C Seater/Sleeper (2+1),22:15,05h 35m,03:50,5.0,INR 1199,4 Seats available
Lucknow to Mathura,https://www.redbus.in/bus-tickets/lucknow-to-mathura,IntrCity SmartBus,A/C Sleeper (2+1),21:10,06h 05m,03:15,4.6,INR 2019,4 Seats available
Lucknow to Mathura,https://www.redbus.in/bus-tickets/lucknow-to-mathura,IntrCity SmartBus,Bharat Benz A/C Seater /Sleeper (2+1),23:45,05h 50m,05:35,4.5,INR 1029,26 Seats available
Lucknow to Mathura,https://www.redbus.in/bus-tickets/lucknow-to-mathura,Laxmi holidays,Bharat Benz A/C Seater /Sleeper (2+1),23:40,05h 10m,04:50,5.0,998,15 Seats available
Lucknow to Mathura,https://www.redbus.in/bus-tickets/lucknow-to-mathura,Raj Kalpana Travels Pvt.Ltd,Bharat Benz A/C Seater /Sleeper (2+1),22:50,04h 40m,03:30,5.0,INR 1052,14 Seats available
Lucknow to Mathura,https://www.redbus.in/bus-tickets/lucknow-to-mathura,RS YADAV SMART BUS,VE A/C Seater / Sleeper (2+1),22:40,04h 45m,03:25,5.0,INR 1699,2 Seats available
Lucknow to Mathura,https://www.redbus.in/bus-tickets/lucknow-to-mathura,Gola Bus Service,A/C Seater/Sleeper (2+1),21:30,06h 30m,04:00,5.0,INR 1599,5 Seats available
Lucknow to Mathura,https://www.redbus.in/bus-tickets/lucknow-to-mathura,IntrCity SmartBus,A/C Seater / Sleeper (2+1),23:40,06h 20m,06:00,4.8,INR 1329,21 Seats available
Lucknow to Mathura,https://www.redbus.in/bus-tickets/lucknow-to-mathura,IntrCity SmartBus,Bharat Benz A/C Seater /Sleeper (2+1),22:20,06h 00m,04:20,4.6,INR 1069,16 Seats available
Lucknow to Mathura,https://www.redbus.in/bus-tickets/lucknow-to-mathura,Shakmbhari Travels,A/C Seater / Sleeper (2+1),23:30,06h 30m,06:00,5.0,INR 1194,2 Seats available
Lucknow to Mathura,https://www.redbus.in/bus-tickets/lucknow-to-mathura,IntrCity SmartBus,Bharat Benz A/C Seater /Sleeper (2+1),23:55,05h 40m,05:35,4.5,INR 1069,28 Seats available
Lucknow to Mathura,https://www.redbus.in/bus-tickets/lucknow-to-mathura,RS YADAV SMART BUS,A/C Seater / Sleeper (2+1),23:55,05h 50m,05:45,5.0,INR 999,12 Seats available
Lucknow to Mathura,https://www.redbus.in/bus-tickets/lucknow-to-mathura,IntrCity SmartBus,Bharat Benz A/C Sleeper (2+1),22:10,05h 50m,04:00,3.4,INR 1299,22 Seats available
Lucknow to Mathura,https://www.redbus.in/bus-tickets/lucknow-to-mathura,Gola Bus Service,VE A/C Seater / Sleeper (2+1),22:20,05h 00m,03:20,3.9,INR 1059,22 Seats available
Lucknow to Mathura,https://www.redbus.in/bus-tickets/lucknow-to-mathura,PTC-SKYBUS,VE A/C Seater / Sleeper (2+1),18:15,05h 25m,23:40,3.8,INR 1299,13 Seats available
Lucknow to Mathura,https://www.redbus.in/bus-tickets/lucknow-to-mathura,BT Travels,VE A/C Seater / Sleeper (2+1),21:50,06h 10m,04:00,3.6,949,28 Seats available
Lucknow to Mathura,https://www.redbus.in/bus-tickets/lucknow-to-mathura,IntrCity SmartBus,VE A/C Seater / Sleeper (2+1),21:00,05h 55m,02:55,3.3,INR 1159,19 Seats available
Lucknow to Mathura,https://www.redbus.in/bus-tickets/lucknow-to-mathura,IntrCity SmartBus,A/C Seater / Sleeper (2+1),21:30,06h 00m,03:30,3.1,INR 1799,40 Seats available
Jhansi to Kanpur (Uttar Pradesh),https://www.redbus.in/bus-tickets/jhansi-to-kanpur,UPSRTC - JHD0048,Janrath AC Seater 2+3,14:41,05h 34m,20:15,3.3,INR 477,44 Seats available
Jhansi to Kanpur (Uttar Pradesh),https://www.redbus.in/bus-tickets/jhansi-to-kanpur,UPSRTC - JHD0050,Janrath AC Seater 2+3,15:42,05h 33m,21:15,3.3,INR 477,46 Seats available
Jhansi to Kanpur (Uttar Pradesh),https://www.redbus.in/bus-tickets/jhansi-to-kanpur,UPSRTC - FZG0004,Ordinary Non AC Seater 2+3,16:00,05h 30m,21:30,3.3,INR 381,52 Seats available
Jhansi to Kanpur (Uttar Pradesh),https://www.redbus.in/bus-tickets/jhansi-to-kanpur,UPSRTC - JHD0040,Janrath AC Seater 2+3,17:00,05h 45m,22:45,3.3,INR 477,48 Seats available
Jhansi to Kanpur (Uttar Pradesh),https://www.redbus.in/bus-tickets/jhansi-to-kanpur,UPSRTC - KDN0008,Janrath AC Seater 2+3,17:35,06h 16m,23:51,3.3,INR 477,48 Seats available
Jhansi to Kanpur (Uttar Pradesh),https://www.redbus.in/bus-tickets/jhansi-to-kanpur,UPSRTC - JHD0044,Janrath AC Seater 2+3,18:30,05h 00m,23:30,3.3,INR 477,46 Seats available
Jhansi to Kanpur (Uttar Pradesh),https://www.redbus.in/bus-tickets/jhansi-to-kanpur,UPSRTC - JHD0027,Ordinary Non AC Seater 2+3,20:30,05h 45m,02:15,3.3,INR 381,52 Seats available
Jhansi to Kanpur (Uttar Pradesh),https://www.redbus.in/bus-tickets/jhansi-to-kanpur,UPSRTC - JHD0029,Ordinary Non AC Seater 2+3,21:30,05h 30m,03:00,3.3,INR 381,52 Seats available
Jhansi to Kanpur (Uttar Pradesh),https://www.redbus.in/bus-tickets/jhansi-to-kanpur,UPSRTC - JHD0032,Ordinary Non AC Seater 2+3,23:30,05h 15m,04:45,3.3,INR 381,52 Seats available
Jhansi to Kanpur (Uttar Pradesh),https://www.redbus.in/bus-tickets/jhansi-to-kanpur,Vijay Tour and Travels,Bharat Benz A/C Seater /Sleeper (2+1),21:30,05h 00m,02:30,2.4,719,21 Seats available
Jhansi to Kanpur (Uttar Pradesh),https://www.redbus.in/bus-tickets/jhansi-to-kanpur,Citylink Travels,A/C Sleeper (2+1),23:15,05h 15m,04:30,1.8,720,11 Seats available
Dehradun to Bareilly,https://www.redbus.in/bus-tickets/dehradun-to-bareilly,UPSRTC - VKS0045,Janrath AC Seater 2+2,14:29,09h 46m,00:15,1.4,INR 838,30 Seats available
Dehradun to Bareilly,https://www.redbus.in/bus-tickets/dehradun-to-bareilly,UPSRTC - SJP0657,Ordinary Non AC Seater 2+3,14:30,08h 20m,22:50,3.3,INR 521,52 Seats available
Dehradun to Bareilly,https://www.redbus.in/bus-tickets/dehradun-to-bareilly,UPSRTC - RKD0057,Ordinary Non AC Seater 2+3,19:31,07h 29m,03:00,3.1,INR 517,52 Seats available
Dehradun to Bareilly,https://www.redbus.in/bus-tickets/dehradun-to-bareilly,UPSRTC - RKD0135,Janrath AC Seater 2+3,22:31,07h 30m,06:01,2.3,INR 652,30 Seats available
Dehradun to Bareilly,https://www.redbus.in/bus-tickets/dehradun-to-bareilly,Vijay Tour and Travels,A/C Seater / Sleeper (2+1),15:30,07h 40m,23:10,2.9,629,1 Seat available
Dehradun to Bareilly,https://www.redbus.in/bus-tickets/dehradun-to-bareilly,Mahalaxmi Travels,Bharat Benz A/C Seater /Sleeper (2+1),17:00,10h 00m,03:00,3.6,INR 1399,1 Seat available
Kanpur (Uttar Pradesh) to Lucknow,https://www.redbus.in/bus-tickets/kanpur-to-lucknow,UPSRTC - MHB0047,Ordinary Non AC Seater 2+3,14:15,02h 00m,16:15,3.3,INR 146,52 Seats available
Kanpur (Uttar Pradesh) to Lucknow,https://www.redbus.in/bus-tickets/kanpur-to-lucknow,UPSRTC - GND0045,Ordinary Non AC Seater 2+3,14:30,02h 30m,17:00,3.3,INR 180,52 Seats available
Kanpur (Uttar Pradesh) to Lucknow,https://www.redbus.in/bus-tickets/kanpur-to-lucknow,UPSRTC - BTR0029,Ordinary Non AC Seater 2+3,14:30,01h 32m,16:02,3.3,INR 146,52 Seats available
Kanpur (Uttar Pradesh) to Lucknow,https://www.redbus.in/bus-tickets/kanpur-to-lucknow,UPSRTC - JHD0018,Ordinary Non AC Seater 2+3,14:45,02h 15m,17:00,3.3,INR 146,52 Seats available
Kanpur (Uttar Pradesh) to Lucknow,https://www.redbus.in/bus-tickets/kanpur-to-lucknow,UPSRTC - DOR0002,Janrath AC Seater 2+2,15:00,02h 30m,17:30,3.1,INR 216,36 Seats available
Kanpur (Uttar Pradesh) to Lucknow,https://www.redbus.in/bus-tickets/kanpur-to-lucknow,UPSRTC - FZG0018,Ordinary Non AC Seater 2+3,15:00,02h 30m,17:30,3.3,INR 146,52 Seats available
Kanpur (Uttar Pradesh) to Lucknow,https://www.redbus.in/bus-tickets/kanpur-to-lucknow,UPSRTC - RAT0029,Ordinary Non AC Seater 2+3,15:00,03h 00m,18:00,3.3,INR 146,52 Seats available
Kanpur (Uttar Pradesh) to Lucknow,https://www.redbus.in/bus-tickets/kanpur-to-lucknow,UPSRTC - AYD0041,Ordinary Non AC Seater 2+3,15:00,03h 00m,18:00,3.3,INR 181,52 Seats available
Kanpur (Uttar Pradesh) to Lucknow,https://www.redbus.in/bus-tickets/kanpur-to-lucknow,UPSRTC - DOR0016,Janrath AC Seater 2+2,15:01,03h 39m,18:40,2.9,INR 275,36 Seats available
Kanpur (Uttar Pradesh) to Lucknow,https://www.redbus.in/bus-tickets/kanpur-to-lucknow,UPSRTC - ETH0035,Ordinary Non AC Seater 2+3,15:05,02h 40m,17:45,3.3,INR 142,52 Seats available
Kanpur (Uttar Pradesh) to Lucknow,https://www.redbus.in/bus-tickets/kanpur-to-lucknow,UPSRTC - MHB0049,Ordinary Non AC Seater 2+3,15:15,02h 20m,17:35,3.3,INR 146,52 Seats available
Kanpur (Uttar Pradesh) to Lucknow,https://www.redbus.in/bus-tickets/kanpur-to-lucknow,UPSRTC - JHD0020,Ordinary Non AC Seater 2+3,15:30,02h 30m,18:00,3.3,INR 146,52 Seats available
Kanpur (Uttar Pradesh) to Lucknow,https://www.redbus.in/bus-tickets/kanpur-to-lucknow,UPSRTC - BTR0030,Ordinary Non AC Seater 2+3,15:30,01h 20m,16:50,3.3,INR 146,52 Seats available
Kanpur (Uttar Pradesh) to Lucknow,https://www.redbus.in/bus-tickets/kanpur-to-lucknow,UPSRTC - HMR0035,Ordinary Non AC Seater 2+3,15:37,03h 03m,18:40,3.3,INR 146,52 Seats available
Kanpur (Uttar Pradesh) to Lucknow,https://www.redbus.in/bus-tickets/kanpur-to-lucknow,UPSRTC - MHB0051,Ordinary Non AC Seater 2+3,15:45,02h 09m,17:54,3.3,INR 142,52 Seats available
Kanpur (Uttar Pradesh) to Lucknow,https://www.redbus.in/bus-tickets/kanpur-to-lucknow,UPSRTC - GZP0018,Ordinary Non AC Seater 2+3,15:45,03h 00m,18:45,3.3,INR 138,52 Seats available
Kanpur (Uttar Pradesh) to Lucknow,https://www.redbus.in/bus-tickets/kanpur-to-lucknow,UPSRTC - BUI0006,Ordinary Non AC Seater 2+3,16:00,01h 45m,17:45,3.3,INR 180,52 Seats available
Kanpur (Uttar Pradesh) to Lucknow,https://www.redbus.in/bus-tickets/kanpur-to-lucknow,UPSRTC - HDD0492,Rajdhani Non AC Seater 2+3,16:29,02h 31m,19:00,3.3,INR 150,51 Seats available
Kanpur (Uttar Pradesh) to Lucknow,https://www.redbus.in/bus-tickets/kanpur-to-lucknow,UPSRTC - HDD0061,Rajdhani Non AC Seater 2+3,16:30,03h 33m,20:03,3.3,INR 150,52 Seats available
Kanpur (Uttar Pradesh) to Lucknow,https://www.redbus.in/bus-tickets/kanpur-to-lucknow,UPSRTC - BLP0039,Ordinary Non AC Seater 2+3,16:30,03h 30m,20:00,3.3,INR 167,52 Seats available
Kanpur (Uttar Pradesh) to Lucknow,https://www.redbus.in/bus-tickets/kanpur-to-lucknow,UPSRTC - MHB0058,Ordinary Non AC Seater 2+3,16:30,02h 20m,18:50,3.3,INR 146,52 Seats available
Kanpur (Uttar Pradesh) to Lucknow,https://www.redbus.in/bus-tickets/kanpur-to-lucknow,UPSRTC - HDD0107,Rajdhani Non AC Seater 2+3,16:32,00h 53m,17:25,3.3,INR 146,51 Seats available
Kanpur (Uttar Pradesh) to Lucknow,https://www.redbus.in/bus-tickets/kanpur-to-lucknow,UPSRTC - JHD0023,Ordinary Non AC Seater 2+3,16:45,02h 15m,19:00,3.3,INR 146,52 Seats available
Kanpur (Uttar Pradesh) to Lucknow,https://www.redbus.in/bus-tickets/kanpur-to-lucknow,UPSRTC - BUI0010,Ordinary Non AC Seater 2+3,16:45,03h 15m,20:00,3.3,INR 180,52 Seats available
Kanpur (Uttar Pradesh) to Lucknow,https://www.redbus.in/bus-tickets/kanpur-to-lucknow,UPSRTC - JHD0025,Ordinary Non AC Seater 2+3,17:15,02h 15m,19:30,3.3,INR 146,52 Seats available
Kanpur (Uttar Pradesh) to Lucknow,https://www.redbus.in/bus-tickets/kanpur-to-lucknow,UPSRTC - MHB0247,Ordinary Non AC Seater 2+3,17:24,02h 22m,19:46,3.3,INR 142,52 Seats available
Kanpur (Uttar Pradesh) to Lucknow,https://www.redbus.in/bus-tickets/kanpur-to-lucknow,UPSRTC - BLP0096,Ordinary Non AC Seater 2+3,17:30,02h 50m,20:20,3.3,INR 150,52 Seats available
Kanpur (Uttar Pradesh) to Lucknow,https://www.redbus.in/bus-tickets/kanpur-to-lucknow,UPSRTC - MHB0131,Ordinary Non AC Seater 2+3,17:38,01h 52m,19:30,3.3,INR 146,52 Seats available
Kanpur (Uttar Pradesh) to Lucknow,https://www.redbus.in/bus-tickets/kanpur-to-lucknow,UPSRTC - ORI0074,Ordinary Non AC Seater 2+3,18:00,02h 00m,20:00,3.3,INR 146,52 Seats available
Kanpur (Uttar Pradesh) to Lucknow,https://www.redbus.in/bus-tickets/kanpur-to-lucknow,UPSRTC - BUI0013,Ordinary Non AC Seater 2+3,18:30,03h 00m,21:30,3.3,INR 142,52 Seats available
Kanpur (Uttar Pradesh) to Lucknow,https://www.redbus.in/bus-tickets/kanpur-to-lucknow,UPSRTC - BLP0100,Ordinary Non AC Seater 2+3,19:00,02h 25m,21:25,3.3,INR 150,52 Seats available
Kanpur (Uttar Pradesh) to Lucknow,https://www.redbus.in/bus-tickets/kanpur-to-lucknow,UPSRTC - BRH0018,Ordinary Non AC Seater 2+3,19:00,02h 10m,21:10,3.3,INR 150,52 Seats available
Kanpur (Uttar Pradesh) to Lucknow,https://www.redbus.in/bus-tickets/kanpur-to-lucknow,UPSRTC - BRH0022,Ordinary Non AC Seater 2+3,19:30,02h 10m,21:40,3.3,INR 150,52 Seats available
Kanpur (Uttar Pradesh) to Lucknow,https://www.redbus.in/bus-tickets/kanpur-to-lucknow,UPSRTC - BUI0004,Ordinary Non AC Seater 2+3,19:30,01h 30m,21:00,3.3,INR 142,52 Seats available
Kanpur (Uttar Pradesh) to Lucknow,https://www.redbus.in/bus-tickets/kanpur-to-lucknow,UPSRTC - BLP0092,Ordinary Non AC Seater 2+3,20:00,02h 10m,22:10,3.3,INR 150,52 Seats available
Kanpur (Uttar Pradesh) to Lucknow,https://www.redbus.in/bus-tickets/kanpur-to-lucknow,UPSRTC - BLP0089,Ordinary Non AC Seater 2+3,20:30,02h 45m,23:15,3.3,INR 150,52 Seats available
Kanpur (Uttar Pradesh) to Lucknow,https://www.redbus.in/bus-tickets/kanpur-to-lucknow,UPSRTC - MHB0007,Janrath AC Seater 2+2,20:30,01h 42m,22:12,1.2,INR 216,34 Seats available
Kanpur (Uttar Pradesh) to Lucknow,https://www.redbus.in/bus-tickets/kanpur-to-lucknow,UPSRTC - AYD0060,Ordinary Non AC Seater 2+3,21:00,03h 00m,00:00,3.3,INR 181,52 Seats available
Kanpur (Uttar Pradesh) to Lucknow,https://www.redbus.in/bus-tickets/kanpur-to-lucknow,UPSRTC - BRH0039,Ordinary Non AC Seater 2+3,21:00,01h 15m,22:15,3.3,INR 146,52 Seats available
Kanpur (Uttar Pradesh) to Lucknow,https://www.redbus.in/bus-tickets/kanpur-to-lucknow,UPSRTC - AKP0218,Ordinary Non AC Seater 2+3,21:02,02h 33m,23:35,3.3,INR 180,52 Seats available
Kanpur (Uttar Pradesh) to Lucknow,https://www.redbus.in/bus-tickets/kanpur-to-lucknow,UPSRTC - BLP0041,Ordinary Non AC Seater 2+3,21:30,02h 30m,00:00,3.3,INR 150,52 Seats available
Kanpur (Uttar Pradesh) to Lucknow,https://www.redbus.in/bus-tickets/kanpur-to-lucknow,UPSRTC - BRH0028,Ordinary Non AC Seater 2+3,21:30,02h 10m,23:40,3.3,INR 150,52 Seats available
Kanpur (Uttar Pradesh) to Lucknow,https://www.redbus.in/bus-tickets/kanpur-to-lucknow,UPSRTC - JNP0103,Ordinary Non AC Seater 2+3,21:30,01h 59m,23:29,3.3,INR 146,52 Seats available
Kanpur (Uttar Pradesh) to Lucknow,https://www.redbus.in/bus-tickets/kanpur-to-lucknow,UPSRTC - FZG0009,Ordinary Non AC Seater 2+3,21:30,03h 00m,00:30,3.3,INR 142,52 Seats available
Kanpur (Uttar Pradesh) to Lucknow,https://www.redbus.in/bus-tickets/kanpur-to-lucknow,UPSRTC - BRH0042,Ordinary Non AC Seater 2+3,22:00,01h 25m,23:25,3.3,INR 146,52 Seats available
Kanpur (Uttar Pradesh) to Lucknow,https://www.redbus.in/bus-tickets/kanpur-to-lucknow,UPSRTC - AYD0038,Ordinary Non AC Seater 2+3,22:00,03h 00m,01:00,3.3,INR 181,52 Seats available
Kanpur (Uttar Pradesh) to Lucknow,https://www.redbus.in/bus-tickets/kanpur-to-lucknow,UPSRTC - HMR0029,Ordinary Non AC Seater 2+3,22:00,02h 30m,00:30,3.3,INR 142,52 Seats available
Kanpur (Uttar Pradesh) to Lucknow,https://www.redbus.in/bus-tickets/kanpur-to-lucknow,UPSRTC - HMR0021,Ordinary Non AC Seater 2+3,22:00,02h 00m,00:00,3.3,INR 142,52 Seats available
Kanpur (Uttar Pradesh) to Lucknow,https://www.redbus.in/bus-tickets/kanpur-to-lucknow,UPSRTC - BLP0045,Ordinary Non AC Seater 2+3,22:15,02h 45m,01:00,3.3,INR 142,52 Seats available
Kanpur (Uttar Pradesh) to Lucknow,https://www.redbus.in/bus-tickets/kanpur-to-lucknow,UPSRTC - BLP0043,Ordinary Non AC Seater 2+3,23:00,03h 00m,02:00,3.3,INR 150,52 Seats available
Kanpur (Uttar Pradesh) to Lucknow,https://www.redbus.in/bus-tickets/kanpur-to-lucknow,UPSRTC - BLP0047,Ordinary Non AC Seater 2+3,23:59,02h 31m,02:30,3.3,INR 142,52 Seats available
Kanpur (Uttar Pradesh) to Lucknow,https://www.redbus.in/bus-tickets/kanpur-to-lucknow,Samay Shatabdi Travels Pvt Ltd,Bharat Benz A/C Sleeper (2+1),20:00,02h 00m,22:00,3.7,INR 600,2 Seats available
Kanpur (Uttar Pradesh) to Lucknow,https://www.redbus.in/bus-tickets/kanpur-to-lucknow,Samay Shatabdi Travels Pvt Ltd,AC Sleeper (2+1),17:30,03h 30m,21:00,3.3,INR 1499,15 Seats available
Kanpur (Uttar Pradesh) to Lucknow,https://www.redbus.in/bus-tickets/kanpur-to-lucknow,KANAHAIYA TOUR & TRAVELS,A/C Seater (2+3),19:00,04h 00m,23:00,5.0,INR 3000,36 Seats available
Kanpur (Uttar Pradesh) to Lucknow,https://www.redbus.in/bus-tickets/kanpur-to-lucknow,Dolphin Travel house,A/C Sleeper (2+1),20:45,02h 45m,23:30,3.3,INR 1000,30 Seats available
Kanpur (Uttar Pradesh) to Lucknow,https://www.redbus.in/bus-tickets/kanpur-to-lucknow,Shatabdi Travels Gorakhpur,AC Sleeper (2+1),21:01,02h 30m,23:31,5.0,INR 1000,13 Seats available
Kanpur (Uttar Pradesh) to Lucknow,https://www.redbus.in/bus-tickets/kanpur-to-lucknow,MISHRA BANDHU BUS SERVICE,A/C Seater / Sleeper (2+1),18:30,03h 00m,21:30,2.2,INR 849,26 Seats available
Kanpur (Uttar Pradesh) to Lucknow,https://www.redbus.in/bus-tickets/kanpur-to-lucknow,Mahalaxmi Travels,A/C Seater/Sleeper (2+1),19:30,03h 15m,22:45,1.5,INR 849,24 Seats available
Aligarh (uttar pradesh) to Greater noida (uttar pradesh),https://www.redbus.in/bus-tickets/aligarh-to-greater-noida,UPSRTC - BDV0088,Ordinary Non AC Seater 2+3,15:28,02h 45m,18:13,3.3,INR 167,51 Seats available
Aligarh (uttar pradesh) to Greater noida (uttar pradesh),https://www.redbus.in/bus-tickets/aligarh-to-greater-noida,UPSRTC - BDV0110,Ordinary Non AC Seater 2+3,15:29,03h 14m,18:43,3.3,INR 167,52 Seats available
Aligarh (uttar pradesh) to Greater noida (uttar pradesh),https://www.redbus.in/bus-tickets/aligarh-to-greater-noida,UPSRTC - BDV0102,Ordinary Non AC Seater 2+3,15:30,02h 43m,18:13,3.3,INR 167,52 Seats available
Aligarh (uttar pradesh) to Greater noida (uttar pradesh),https://www.redbus.in/bus-tickets/aligarh-to-greater-noida,UPSRTC - BDV0092,Ordinary Non AC Seater 2+3,17:59,02h 44m,20:43,3.3,INR 167,52 Seats available
Aligarh (uttar pradesh) to Greater noida (uttar pradesh),https://www.redbus.in/bus-tickets/aligarh-to-greater-noida,UPSRTC - BDV0096,Ordinary Non AC Seater 2+3,18:29,02h 44m,21:13,3.3,INR 167,52 Seats available
Aligarh (uttar pradesh) to Greater noida (uttar pradesh),https://www.redbus.in/bus-tickets/aligarh-to-greater-noida,UPSRTC - MNP0114,Ordinary Non AC Seater 2+3,18:55,02h 41m,21:36,3.3,INR 222,52 Seats available
Aligarh (uttar pradesh) to Greater noida (uttar pradesh),https://www.redbus.in/bus-tickets/aligarh-to-greater-noida,UPSRTC - MNP0116,Ordinary Non AC Seater 2+3,19:35,02h 41m,22:16,3.3,INR 222,52 Seats available
Aligarh (uttar pradesh) to Greater noida (uttar pradesh),https://www.redbus.in/bus-tickets/aligarh-to-greater-noida,UPSRTC - MNP0146,Ordinary Non AC Seater 2+3,20:31,02h 57m,23:28,3.3,INR 222,52 Seats available
Aligarh (uttar pradesh) to Greater noida (uttar pradesh),https://www.redbus.in/bus-tickets/aligarh-to-greater-noida,UPSRTC - SKD0223,Ordinary Non AC Seater 2+3,21:55,02h 55m,00:50,3.3,INR 222,52 Seats available
Aligarh (uttar pradesh) to Greater noida (uttar pradesh),https://www.redbus.in/bus-tickets/aligarh-to-greater-noida,UPSRTC - MNP0120,Ordinary Non AC Seater 2+3,23:40,02h 41m,02:21,3.3,INR 222,52 Seats available
Etah (Uttar Pradesh) to Delhi,https://www.redbus.in/bus-tickets/etah-up-to-delhi,UPSRTC - MNP0114,Ordinary Non AC Seater 2+3,17:07,04h 40m,21:47,3.3,INR 371,52 Seats available
Etah (Uttar Pradesh) to Delhi,https://www.redbus.in/bus-tickets/etah-up-to-delhi,UPSRTC - MNP0116,Ordinary Non AC Seater 2+3,17:47,04h 40m,22:27,3.3,INR 371,52 Seats available
Etah (Uttar Pradesh) to Delhi,https://www.redbus.in/bus-tickets/etah-up-to-delhi,UPSRTC - MNP0146,Ordinary Non AC Seater 2+3,18:52,04h 47m,23:39,3.3,INR 371,52 Seats available
Etah (Uttar Pradesh) to Delhi,https://www.redbus.in/bus-tickets/etah-up-to-delhi,UPSRTC - SKD0223,Ordinary Non AC Seater 2+3,20:55,04h 25m,01:20,3.3,INR 371,52 Seats available
Etah (Uttar Pradesh) to Delhi,https://www.redbus.in/bus-tickets/etah-up-to-delhi,UPSRTC - BWR0001,Ordinary Non AC Seater 2+3,20:55,05h 55m,02:50,3.3,INR 371,52 Seats available
Etah (Uttar Pradesh) to Delhi,https://www.redbus.in/bus-tickets/etah-up-to-delhi,UPSRTC - UNO0024,Ordinary Non AC Seater 2+3,21:35,05h 55m,03:30,3.3,INR 371,52 Seats available
Etah (Uttar Pradesh) to Delhi,https://www.redbus.in/bus-tickets/etah-up-to-delhi,UPSRTC - BWR0002,Ordinary Non AC Seater 2+3,21:45,05h 45m,03:30,3.3,INR 341,52 Seats available
Etah (Uttar Pradesh) to Delhi,https://www.redbus.in/bus-tickets/etah-up-to-delhi,UPSRTC - MNP0120,Ordinary Non AC Seater 2+3,21:52,04h 40m,02:32,3.3,INR 371,52 Seats available
Etah (Uttar Pradesh) to Delhi,https://www.redbus.in/bus-tickets/etah-up-to-delhi,UPSRTC - MNP0124,Ordinary Non AC Seater 2+3,22:32,04h 40m,03:12,3.3,INR 371,52 Seats available
Etah (Uttar Pradesh) to Delhi,https://www.redbus.in/bus-tickets/etah-up-to-delhi,UPSRTC - UNO0027,Ordinary Non AC Seater 2+3,22:50,06h 10m,05:00,3.3,INR 371,52 Seats available
Etah (Uttar Pradesh) to Delhi,https://www.redbus.in/bus-tickets/etah-up-to-delhi,UPSRTC - MNP0128,Ordinary Non AC Seater 2+3,22:57,04h 40m,03:37,3.3,INR 371,52 Seats available
Etah (Uttar Pradesh) to Delhi,https://www.redbus.in/bus-tickets/etah-up-to-delhi,UPSRTC - MHB0265,Ordinary Non AC Seater 2+3,23:09,05h 51m,05:00,3.3,INR 364,52 Seats available
Etah (Uttar Pradesh) to Delhi,https://www.redbus.in/bus-tickets/etah-up-to-delhi,UPSRTC - FKP0027,Janrath AC Seater 2+2,23:10,05h 45m,04:55,3.1,INR 501,36 Seats available
Etah (Uttar Pradesh) to Delhi,https://www.redbus.in/bus-tickets/etah-up-to-delhi,UPSRTC - MHB0184,Ordinary Non AC Seater 2+3,23:10,05h 54m,05:04,3.3,INR 364,52 Seats available
Etah (Uttar Pradesh) to Delhi,https://www.redbus.in/bus-tickets/etah-up-to-delhi,UPSRTC - ARY0005,Ordinary Non AC Seater 2+3,23:20,05h 40m,05:00,3.3,INR 371,51 Seats available
Etah (Uttar Pradesh) to Delhi,https://www.redbus.in/bus-tickets/etah-up-to-delhi,UPSRTC - UNO0026,Ordinary Non AC Seater 2+3,23:30,05h 00m,04:30,3.3,INR 371,52 Seats available
Etah (Uttar Pradesh) to Delhi,https://www.redbus.in/bus-tickets/etah-up-to-delhi,UPSRTC - SBD0106,Janrath AC Seater 2+2,23:30,05h 30m,05:00,1.7,INR 501,23 Seats available
Etah (Uttar Pradesh) to Delhi,https://www.redbus.in/bus-tickets/etah-up-to-delhi,UPSRTC - MNP0132,Ordinary Non AC Seater 2+3,23:32,04h 40m,04:12,3.3,INR 371,52 Seats available
Etah (Uttar Pradesh) to Delhi,https://www.redbus.in/bus-tickets/etah-up-to-delhi,Chaturvedi Bus Service,Non A/C Seater / Sleeper (2+1),22:00,07h 30m,05:30,0,INR 500,9 Seats available
Etah (Uttar Pradesh) to Delhi,https://www.redbus.in/bus-tickets/etah-up-to-delhi,Chaturvedi Bus Service,Non A/C Seater / Sleeper (2+1),23:10,05h 40m,04:50,0,425,37 Seats available
Etah (Uttar Pradesh) to Delhi,https://www.redbus.in/bus-tickets/etah-up-to-delhi,Chaturvedi Bus Service,A/C Seater/Sleeper (2+1),22:15,06h 30m,04:45,0,INR 600,9 Seats available
Etah (Uttar Pradesh) to Delhi,https://www.redbus.in/bus-tickets/etah-up-to-delhi,Chaturvedi Bus Service,Non A/C Seater / Sleeper (2+1),22:30,06h 50m,05:20,0,INR 500,9 Seats available
